book_id,title,author_1_name,isbn,isbn13,rating,publisher,format,num_pages,publication_year,started_at,read_at,date_added,bookshelves,read_count,ficOrNonFic,SeriesOrStandalone,LGBTQIA_Characters
244625634,"Study of Cave Diving Accidents: Accident analysis, human Factors, and safety lessons from technical and cave diving worldwide",Michel Ribera,,9798276808406,3.0,Independently published,Paperback,244.0,,,2026-03-07,2026-03-07,,1,NonFiction,Standalone,No
207627291,Juice,Tim Winton,1035050838,9781035050833,3.0,Picador,Kindle Edition,529.0,2024.0,,2026-06-04,2026-06-04,,1,Fiction,Standalone,No
27234355,In Praise of Idleness,Bertrand Russell,,,5.0,Lulu.com,Kindle Edition,14.0,1932.0,,2016-01-01,2016-05-10,,1,NonFiction,Standalone,No
524293,The Cave Divers,Robert F. Burgess,1881652114,9781881652113,4.0,UNKNO,Paperback,352.0,1976.0,,2026-03-28,2026-03-27,,1,NonFiction,Standalone,No
239784369,Technically Speaking: Talks on Technical Diving Volume 2: Foundations and Strategies,Simon Pridmore,,9798296112521,3.0,Independently published,Paperback,244.0,,,2026-03-19,2026-03-19,,1,NonFiction,Series,No
122996121,Technically Speaking: Talks on Technical Diving Volume 1: Genesis and Exodus,Simon Pridmore,,9798375190792,3.0,Independently published,Paperback,346.0,,,2026-03-13,2026-03-07,,1,NonFiction,Series,No
58870450,"First Knowledges Design: Building on Country (First Knowledges, 2)",Alison Page,1760761850,9781760761851,3.0,Thames & Hudson Australia,Kindle Edition,230.0,2021.0,,2025-12-01,2025-12-01,,1,NonFiction,Series,No
37671993,Basic Underwater Cave Surveying,J. Burge,9994662961,9789994662968,4.0,Natl Speleological Society,Paperback,127.0,,,2025-11-19,2025-11-22,,1,NonFiction,Standalone,No
143731287,Divisidero (Signed First Edition),Michael Ondaatje,,,4.0,Knopf,Unknown Binding,0.0,2007.0,,2025-11-22,2025-11-21,,1,Fiction,Standalone,No
22328,Neuromancer (Sprawl #1),William Gibson,,,5.0,Ace Books,Mass Market Paperback,271.0,1984.0,,2005-01-01,2013-04-19,,1,Fiction,Series,No
422,A Book of Common Prayer,Joan Didion,,,4.0,Vintage International,Paperback,272.0,1977.0,,2025-09-28,2025-10-04,,1,Fiction,Standalone,No
153747,"Moby-Dick or, The Whale",Herman Melville,0142437247,9780142437247,5.0,Penguin Classics ,Paperback,720.0,1851.0,,2025-08-09,2025-08-09,,1,Fiction,Standalone,No
53855535,Songlines: the Power and Promise,Margo Neale,1760761184,9781760761189,4.0,Thames & Hudson Australia Pty Ltd,Paperback,216.0,2020.0,,2025-07-14,2025-07-12,,1,NonFiction,Standalone,No
37969723,"The Silence of the Girls (Women of Troy, #1)",Pat Barker,,,5.0,Doubleday Books,Hardcover,325.0,2018.0,,2025-07-11,2025-07-11,,1,Fiction,Series,No
43908991,Parable of the Sower: A Graphic Novel Adaptation,Damian Duffy,1419731335,9781419731334,4.0,Harry N. Abrams,Hardcover,266.0,2020.0,,2025-05-22,2025-05-14,,1,Fiction,Series,No
209364645,"The Korean Myths: A Guide to the Gods, Heroes and Legends",Heinz Insu Fenkl,0500027668,9780500027660,4.0,Thames & Hudson,Hardcover,256.0,,2025-02-22,2025-05-14,2025-02-21,,1,NonFiction,Standalone,No
80289417,Frankenstein,Mary Wollstonecraft Shelley,1544917023,9781544917023,4.0,CreateSpace Independent Publishing Platform,Paperback,90.0,1818.0,,2025-04-26,2025-04-29,,1,Fiction,Standalone,No
966835,The Last Man,Mary Wollstonecraft Shelley,0192838652,9780192838650,4.0,Oxford University Press,Paperback,479.0,1826.0,,2025-03-27,2025-04-29,,1,Fiction,Standalone,No
29084996,Kipps: The Story of a Simple Soul,H.G. Wells,,,4.0,,Kindle Edition,244.0,1905.0,2024-12-28,2025-01-22,2024-12-27,,1,Fiction,Standalone,No
146756038,NSS Cavern Diving Manual,John L. Zumerick,,,4.0,"The Cave Diving Section of the National Speleological society, Inc",Paperback,121.0,,,2025-02-21,2025-02-21,,1,NonFiction,Standalone,No
203225397,Shipwrecks of the Dover Straits,Stefan Panis,1849954968,9781849954969,3.0,Whittles Publishing,Paperback,208.0,,,2025-02-19,2025-02-18,,1,NonFiction,Standalone,No
59366123,Butts: A Backstory,Heather Radke,1982135484,9781982135485,4.0,Avid Reader Press / Simon & Schuster,Hardcover,311.0,2022.0,2024-08-20,2025-01-03,2024-08-20,,1,NonFiction,Standalone,No
40864002,"A Psalm for the Wild-Built (Monk & Robot, #1)",Becky Chambers,,,4.0,Tordotcom,ebook,151.0,2021.0,,2024-07-23,2025-01-03,,1,Fiction,Series,Yes
57938390,The Measure of Time (Guido Guerrieri Series),Gianrico Carofiglio,1913394484,9781913394486,3.0,Bitter Lemon Press,Paperback,288.0,2019.0,,2025-01-02,2025-01-01,,1,Fiction,Series,No
209200369,"Polostan (Bomb Light, #1)",Neal Stephenson,0008262616,9780008262617,4.0,The Borough Press,Kindle Edition,310.0,2024.0,2024-12-16,2024-12-22,2024-12-16,,1,Fiction,Series,No
75665322,Perhaps the Stars (Terra Ignota Book 4),Ada Palmer,1786699591,9781786699596,4.0,Head of Zeus -- an AdAstra Book,Kindle Edition,609.0,2021.0,2024-10-26,2024-12-15,2024-10-25,,1,Fiction,Series,Yes
75520916,"The Will to Battle (Terra Ignota, #3)",Ada Palmer,1786699559,9781786699558,4.0,Head of Zeus,Kindle Edition,448.0,2017.0,2024-10-13,2024-10-25,2024-10-13,,1,Fiction,Series,Yes
768889,"A Storm of Swords: Steel and Snow (A Song of Ice and Fire, #3.1)",George R.R. Martin,0006479901,9780006479901,5.0,HarperVoyager,Paperback,663.0,2000.0,,,2013-04-19,,1,Fiction,Series,Yes
27385782,Epicureanism: A Very Short Introduction,Catherine Wilson,0191512680,9780191512681,4.0,OUP Oxford,Kindle Edition,160.0,,,2024-10-15,2024-10-15,,1,NonFiction,Standalone,No
75548502,Seven Surrenders (Terra Ignota Book 2),Ada Palmer,1786699516,9781786699510,4.0,Head of Zeus,Kindle Edition,386.0,2017.0,,2024-10-11,2024-10-06,,1,Fiction,Series,Yes
74818910,Old Babes in the Wood,Margaret Atwood,1529193796,9781529193794,5.0,Vintage Digital,Kindle Edition,248.0,2023.0,,2024-10-06,2024-10-06,,1,Fiction,Standalone,Yes
58069859,Dispatches from Anarres: Tales in Tribute to Ursula K. Le Guin,Susan DeFreitas,1942436491,9781942436492,3.0,Forest Avenue Press,Kindle Edition,426.0,2021.0,,2022-05-01,2024-09-24,,2,Fiction,Standalone,Yes
173403968,Your Utopia,Bora Chung,1643756214,9781643756219,5.0,Algonquin Books,Paperback,256.0,2021.0,,2024-09-24,2024-09-23,,1,Fiction,Standalone,No
145087237,Micromegas,Voltaire,,,3.0,Marchenhaus Press,Kindle Edition,84.0,1752.0,,2024-09-20,2024-09-20,,1,Fiction,Standalone,No
216509852,THE NUN - Diderot (Erotic Classics),Denis Diderot,6558945525,9786558945529,4.0,Lebooks Editora,Kindle Edition,195.0,,,2024-09-20,2024-09-20,,1,Fiction,Standalone,Yes
75385473,"Too Like the Lightning (Terra Ignota, #1)",Ada Palmer,1786699478,9781786699473,4.0,Head of Zeus,Kindle Edition,450.0,2016.0,,2024-09-14,2024-09-14,,1,Fiction,Series,Yes
58368353,Manhunt,Gretchen Felker-Martin,,,4.0,Tor Nightfire,Kindle Edition,293.0,2022.0,,2024-09-05,2024-09-05,,1,Fiction,Standalone,Yes
122768239,The Glass Bead Game,Hermann Hesse,,,4.0,DLB Press,Kindle Edition,627.0,1943.0,,2024-08-31,2024-08-31,,1,Fiction,Standalone,No
34459105,The Left Hand of Darkness,Ursula K. Le Guin,,,5.0,Gateway,ebook,336.0,1969.0,2018-04-10,2018-04-14,2018-04-10,,1,Fiction,Series,Yes
210493380,The Book of Elsewhere,Keanu Reeves,152915054X,9781529150544,4.0,Del Rey,Paperback,337.0,2024.0,,2024-07-27,2024-07-23,,1,Fiction,Standalone,No
49185157,Modes of Criticism 4: Radical Pedagogy: Investigating the Use of the Word 'Radical' in Design Discourse and Practice,Francisco Laranjo,9493148130,9789493148130,3.0,Onomatopee Projects,Paperback,96.0,,,2024-07-23,2024-06-09,,1,NonFiction,Standalone,No
203166754,"Chronicles of a Lizard Nobody (Chronicles of a Lizard Nobody, #1)",Patrick Ness,1536235938,9781536235937,4.0,Walker Books US,Hardcover,199.0,2024.0,,2024-07-14,2024-07-14,,1,Fiction,Series,No
60308998,Alien³: The Unproduced First-Draft Screenplay by William Gibson,Pat Cadigan,1803361131,9781803361130,4.0,Titan Books,Paperback,432.0,2021.0,,2024-06-09,2024-06-09,,1,Fiction,Standalone,No
178142925,Modern Architecture: A Planetary Warming History,Hans Ibelings,9492058162,9789492058164,4.0,The Architecture Observer,Perfect Paperback,400.0,,,2024-06-02,2023-11-05,,1,NonFiction,Standalone,No
176443608,"BRZRKR: Bloodlines, Vol. 1",Keanu Reeves,160886149X,9781608861491,4.0,BOOM! Studios,Paperback,112.0,2024.0,,2024-05-08,2024-05-07,,1,Fiction,Series,No
1409074,We Can Build You,Philip K. Dick,0006482791,9780006482796,4.0,Harper Voyager,Paperback,252.0,1972.0,,2024-04-28,2024-04-28,,1,Fiction,Standalone,No
161846,The Midwich Cuckoos,John Wyndham,0345299116,9780345299116,5.0,Ballantine Books,Mass Market Paperback,220.0,1957.0,,2024-04-24,2024-02-05,,1,Fiction,Standalone,No
36394530,Coriolanus (The Pelican Shakespeare),William Shakespeare,0525503986,9780525503989,2.0,Penguin Classics,Kindle Edition,191.0,1608.0,,2024-04-24,2022-04-03,,1,Fiction,Standalone,No
70056237,"BRZRKR, Volume 3",Keanu Reeves,1684157129,9781684157129,4.0,BOOM! Studios,Paperback,144.0,2023.0,,2024-04-20,2024-04-19,,1,Fiction,Series,No
41966406,Technical Diving,Mark Powell,1905492316,9781905492312,4.0,AquaPress,Paperback,240.0,,,2024-04-18,2024-03-27,,1,NonFiction,Standalone,No
26261495,"The Essentials of Cave Diving: The latest techniques, equipment and practices for scuba diving in caves and caverns using open circuit, side mount and rebreathers.",Jill Heinerth,1940944074,9781940944074,4.0,Heinerth Productions Inc.,Kindle Edition,311.0,2015.0,,2024-03-26,2024-03-26,,1,NonFiction,Standalone,No
6189421,Deco for Divers,Mark Powell,1905492073,9781905492077,4.0,Aquapress,Paperback,240.0,2008.0,,2024-02-20,2024-02-19,,1,NonFiction,Standalone,No
45449501,Sand Talk: How Indigenous Thinking Can Save the World,Tyson Yunkaporta,0062975633,9780062975638,4.0,HarperOne,Kindle Edition,256.0,2019.0,,2024-02-14,2024-02-13,,1,NonFiction,Standalone,No
58673891,"BRZRKR, Volume 2",Keanu Reeves,168415815X,9781684158157,4.0,BOOM! Studios,Paperback,128.0,2021.0,,2024-02-06,2024-02-05,,1,Fiction,Series,No
34211932,Desire: Vintage Minis,Haruki Murakami,1473548470,9781473548473,4.0,Vintage Digital,Kindle Edition,0.0,2017.0,,2024-01-02,2024-01-01,,1,Fiction,Standalone,No
60316971,Bea Wolf,Zach Weinersmith,1250776295,9781250776297,5.0,First Second,Hardcover,208.0,2023.0,,2023-12-31,2024-01-01,,1,Fiction,Standalone,No
57037263,Notes on Grief,Chimamanda Ngozi Adichie,0008470308,9780008470302,5.0,HarperCollins Publishers,Hardcover,96.0,2021.0,,2023-12-26,2023-12-26,,1,NonFiction,Standalone,No
44318388,Under Pressure: Diving Deeper with Human Factors,Gareth Lock,199958497X,9781999584979,4.0,Human in the System Consulting,Paperback,342.0,,,2023-12-25,2023-12-25,,1,NonFiction,Standalone,No
59028793,Robot Ethics (The MIT Press Essential Knowledge series),Mark Coeckelbergh,0262544091,9780262544092,4.0,The MIT Press,Paperback,272.0,2022.0,,2023-12-22,2023-09-24,,1,NonFiction,Standalone,No
130832,Basic Cave Diving: A Blueprint for Survival,Sheck Exley,9994663372,9789994663378,4.0,National Speleological Society,Paperback,46.0,1986.0,,,2023-12-06,,1,NonFiction,Standalone,No
5477906,Oxygen Hacker's Companion,Vance Harlow,0967887321,9780967887326,4.0,Airspeed Press,Spiral-bound,154.0,2002.0,,2023-11-06,2023-11-05,,1,NonFiction,Standalone,No
167457,Sweetness and Power: The Place of Sugar in Modern History,Sidney W. Mintz,0140092331,9780140092332,4.0,Penguin Books,Paperback,304.0,1985.0,,2023-11-05,2023-11-05,,1,NonFiction,Standalone,No
41940267,Beowulf,Unknown,0374110034,9780374110031,4.0,FSG,Paperback,140.0,1000.0,,2022-12-15,2023-01-07,,1,Fiction,Standalone,No
31685338,Coming Through Slaughter,Michael Ondaatje,,,4.0,vintage,Paperback,156.0,1976.0,,2023-08-01,2023-08-03,,1,Fiction,Standalone,No
10437094,Anil's Ghost,Michael Ondaatje,0099554453,9780099554455,5.0,Vintage Books,Paperback,307.0,2000.0,,2023-07-27,2023-07-26,,1,Fiction,Standalone,No
40864030,"A Prayer for the Crown-Shy (Monk & Robot, #2)",Becky Chambers,,,3.0,Tordotcom,Kindle Edition,152.0,2022.0,,2023-07-23,2023-07-22,,1,Fiction,Series,Yes
45020955,The Overstory,Richard Powers,,,4.0,Vintage Digital,Kindle Edition,502.0,2018.0,,2023-05-01,2023-05-01,,1,Fiction,Standalone,No
55608342,The Unbearable Lightness of Being:,Milan Kundera,,,4.0,Faber & Faber,Kindle Edition,305.0,1984.0,,2023-03-23,2023-03-13,,1,Fiction,Standalone,No
49669410,"Emergency Skin (Forward Collection, #3)",N.K. Jemisin,1542093570,9781542093576,4.0,Amazon Original Stories,Kindle Edition,38.0,2019.0,,2023-02-21,2023-02-20,,1,Fiction,Series,No
59236994,"Dawn (Lilith's Brood, #1)",Octavia E. Butler,,,4.0,Headline,Kindle Edition,240.0,1987.0,,2023-02-18,2023-02-18,,1,Fiction,Series,No
17704015,The Strategemata,Frontinus,,,3.0,praetorian-press.com,Kindle Edition,162.0,90.0,,2023-02-14,2022-12-23,,1,NonFiction,Standalone,No
51471497,"Binti (Binti, #1)",Nnedi Okorafor,,,4.0,Tordotcom,Kindle Edition,98.0,2015.0,,2023-02-14,2023-02-14,,1,Fiction,Series,No
50017675,Running in the Family,Michael Ondaatje,0679746692,9780679746690,5.0,Vintage,Paperback,208.0,1982.0,,2023-02-12,2023-02-11,,1,NonFiction,Standalone,No
31249807,Milo Manara's Gullivera,Milo Manara,1594654174,9781594654176,4.0,Humanoids,Kindle Edition,68.0,1995.0,,2023-02-11,2023-02-11,,1,Fiction,Standalone,No
59687219,This All Come Back Now,Mykaela Saunders,0702265667,9780702265662,3.0,UQP,Paperback,350.0,2022.0,,2023-01-25,2023-01-25,,1,Fiction,Standalone,No
38155205,In the Skin of a Lion,Michael Ondaatje,1509823344,9781509823345,5.0,PICADOR,Paperback,288.0,1987.0,,2023-01-18,2023-01-17,,1,Fiction,Standalone,No
22582,"Lies, Inc.",Philip K. Dick,1400030080,9781400030088,4.0,Vintage,Paperback,202.0,1984.0,,2023-01-09,2023-01-09,,1,Fiction,Standalone,No
20306794,Hieroglyph: Stories and Visions for a Better Future,Ed Finn,0062204696,9780062204691,3.0,William Morrow ,Hardcover,532.0,2014.0,,,2022-11-20,,1,Fiction,Standalone,No
12500721,The Cat's Table,Michael Ondaatje,,,5.0,,Kindle Edition,290.0,2011.0,,2022-11-16,2022-11-16,,1,Fiction,Standalone,No
9809,Invisible Cities,Italo Calvino,0156453800,9780156453806,5.0,Harcourt,Paperback,165.0,1972.0,,,2022-07-25,,1,Fiction,Standalone,No
36496864,Persuasion,Jane Austen,9897780602,9789897780608,3.0,Big Cheese Books,Kindle Edition,169.0,1817.0,,2022-06-12,2022-06-12,,1,Fiction,Standalone,No
7805,Pale Fire,Vladimir Nabokov,,,4.0,Penguin Books Ltd,Paperback,246.0,1962.0,,2022-04-17,2022-04-16,,1,Fiction,Standalone,No
53811327,"Troy: Our Greatest Story Retold (Stephen Fry’s Great Mythology, #3)",Stephen Fry,,,4.0,Penguin,Kindle Edition,414.0,2020.0,,2022-03-01,2022-03-01,,1,Fiction,Standalone,Yes
285089,A Town Like Alice,Nevil Shute,0749304146,9780749304140,4.0,Mandarin,Paperback,312.0,1950.0,,2022-02-07,2022-02-06,,1,Fiction,Standalone,No
23211952,Station Eleven,Emily St. John Mandel,1743532326,9781743532324,4.0,Pan Macmillan,Kindle Edition,336.0,2014.0,,2022-01-22,2022-01-21,,1,Fiction,Standalone,No
22571595,The Prince (A Penguin Classics Hardcover),Niccolò Machiavelli,0141395877,9780141395876,4.0,Penguin Classics,Hardcover,173.0,1513.0,,2022-01-10,2022-01-09,,1,Fiction,Standalone,No
276767,The Word for World Is Forest,Ursula K. Le Guin,,,4.0,,ebook,160.0,1972.0,,2022-01-01,2021-12-31,,1,Fiction,Series,No
59921,The Telling,Ursula K. Le Guin,0441011233,9780441011230,4.0,Ace,Mass Market Paperback,231.0,2000.0,,2022-01-07,2022-01-08,,1,Fiction,Series,No
36366224,Five Ways to Forgiveness,Ursula K. Le Guin,,,4.0,Library of America,ebook,288.0,2017.0,,2022-01-07,2022-01-04,,1,Fiction,Series,No
9777,The God of Small Things,Arundhati Roy,0679457313,9780679457312,4.0,Random House,Paperback,321.0,1997.0,,2021-12-27,2021-09-18,,1,Fiction,Standalone,No
11672721,Accelerando,Charles Stross,0748124128,9780748124121,3.0,"Orbit; New Ed edition (November 4, 2010)",Kindle Edition,441.0,2005.0,,2021-12-14,2021-12-14,,1,Fiction,Standalone,No
45303387,An Elegant Puzzle: Systems of Engineering Management,Will Larson,1953953336,9781953953339,3.0,Stripe Press,Kindle Edition,289.0,2019.0,,2021-11-09,2021-11-09,,1,NonFiction,Standalone,No
18162954,Galatea,Madeline Miller,1408848147,,4.0,Bloomsbury Paperbacks,Kindle Edition,27.0,2013.0,,2021-11-09,2021-09-21,,1,Fiction,Standalone,No
58586990,Termination Shock,Neal Stephenson,146071296X,9781460712962,4.0,HarperCollins,Kindle Edition,710.0,2021.0,,2021-11-02,2021-10-26,,1,Fiction,Standalone,No
13189396,Intrusion,Ken MacLeod,1841499390,9781841499390,3.0,Orbit,Hardcover,387.0,2012.0,,2013-10-29,2021-10-28,,1,Fiction,Standalone,No
18298399,"Murder in the Mews: a Hercule Poirot Short Story (Hercule Poirot, #SS-36)",Agatha Christie,,,4.0,Witness Impulse,Kindle Edition,78.0,1937.0,,2021-10-26,2021-10-26,,1,Fiction,Series,No
19304711,Dark Matter and Trojan Horses: A Strategic Design Vocabulary,Dan Hill,,,0.0,Strelka Press,Kindle Edition,186.0,2012.0,,2012-10-11,2021-10-10,,1,NonFiction,Standalone,No
19196429,People Analytics: How Social Sensing Technology Will Transform Business and What It Tells Us about the Future of Work (FT Press Analytics),Ben Waber,,,0.0,FT Press,Kindle Edition,302.0,2013.0,,2011-10-10,2021-10-10,,1,NonFiction,Standalone,No
22584481,The Difference Engine,William Gibson,147320805X,,3.0,Gateway,Kindle Edition,382.0,1990.0,,2021-10-09,2013-04-21,,1,Fiction,Standalone,No
26848262,Why I Am Not a Christian,Bertrand Russell,1329567110,9781329567115,4.0,Lulu.com,Kindle Edition,237.0,1957.0,,2021-09-20,2016-05-10,,1,NonFiction,Standalone,No
35959740,Circe,Madeline Miller,0316556343,9780316556347,5.0,"Little, Brown and Company",Hardcover,393.0,2018.0,,2021-09-19,2021-09-18,,1,Fiction,Standalone,No
25114590,The Collectors (His Dark Materials #0.6),Philip Pullman,1448197163,9781448197163,4.0,RHCP Digital,Kindle Edition,32.0,2014.0,,2021-09-09,2021-09-09,,1,Fiction,Series,No
58187011,The Song of Achilles,Madeline Miller,,,5.0,Bloomsbury Publishing,Kindle Edition,369.0,2011.0,,2021-09-04,2019-07-19,,1,Fiction,Standalone,Yes
55533938,The Ministry for the Future,Kim Stanley Robinson,0356508854,9780356508856,3.0,Orbit,Kindle Edition,600.0,2020.0,,2021-08-31,2020-12-04,,1,Fiction,Standalone,No
55313155,Project Hail Mary,Andy Weir,,,4.0,Cornerstone Digital,Kindle Edition,482.0,2021.0,,2021-08-23,2021-08-23,,1,Fiction,Standalone,No
1024189,The English Patient,Michael Ondaatje,0676970087,9780676970081,5.0,Vintage Canada,Paperback,302.0,1992.0,,2021-06-02,2021-06-02,,2,Fiction,Standalone,No
43126457,Trick Mirror: Reflections on Self-Delusion,Jia Tolentino,0525510540,9780525510543,4.0,Random House,Hardcover,303.0,2019.0,,2021-06-22,2020-08-15,,1,NonFiction,Standalone,No
34604530,Other Minds,Peter Godfrey-Smith,000822627X,9780008226275,5.0,London : William Collins,Hardcover,272.0,2016.0,,2021-06-14,2021-06-08,,1,NonFiction,Standalone,No
55111243,Klara and the Sun,Kazuo Ishiguro,,,5.0,Faber & Faber,ebook,248.0,2021.0,,2021-05-12,2021-05-04,,1,Fiction,Standalone,No
54140556,Working in Public: The Making and Maintenance of Open Source Software,Nadia Eghbal,0578675862,9780578675862,4.0,Stripe Press,Hardcover,252.0,2020.0,,2021-05-04,2021-03-09,,1,NonFiction,Standalone,No
36348525,Severance,Ling Ma,0374261598,9780374261597,4.0,"Farrar, Straus and Giroux",Hardcover,291.0,2018.0,,2021-05-01,2020-04-12,,1,Fiction,Standalone,No
33814856,"The Ethical Slut: A Practical Guide to Polyamory, Open Relationships, and Other Freedoms in Sex and Love",Janet W. Hardy,,,0.0,Ten Speed Press,Kindle Edition,320.0,1997.0,,2021-04-28,2013-11-05,,1,NonFiction,Standalone,No
50353961,A Room Called Earth,Madeleine Ryan,191285483X,9781912854837,4.0,Scribe UK,Hardcover,304.0,2020.0,,2021-04-25,2021-04-25,,1,Fiction,Standalone,No
534595,Kalpa Imperial: The Greatest Empire That Never Was,Angélica Gorodischer,1931520054,9781931520058,4.0,Small Beer Press,Paperback,246.0,1983.0,,2021-02-16,2021-01-25,,1,Fiction,Standalone,No
43597047,The Body: A Guide for Occupants,Bill Bryson,085752240X,9780857522405,4.0,DOUBLEDAY,Hardcover,454.0,2019.0,,2021-01-16,2020-11-07,,1,NonFiction,Standalone,No
27264244,I Love Dick,Chris Kraus,,,3.0,Tuskar Rock,Kindle Edition,273.0,1997.0,,2020-01-01,2020-01-01,,1,NonFiction,Standalone,No
50765455,The City We Became (Great Cities #1),N.K. Jemisin,0356512657,,4.0,Orbit,Kindle Edition,449.0,2020.0,,2020-12-31,2020-12-31,,1,Fiction,Series,Yes
22034952,Foreign Soil,Maxine Beneba Clarke,0733632572,9780733632570,4.0,Hachette Australia,Kindle Edition,265.0,2014.0,,2020-11-27,2020-07-28,,1,Fiction,Standalone,No
42121367,Her Body and Other Parties,Carmen Maria Machado,1781259534,9781781259535,4.0,Serpent's Tail,Paperback,246.0,2017.0,,2020-10-28,2020-10-25,,1,Fiction,Standalone,Yes
44530070,Gold Fame Citrus,Claire Vaye Watkins,0857054791,9780857054791,4.0,riverrun,Kindle Edition,354.0,2015.0,,2020-10-13,2020-10-13,,1,Fiction,Standalone,No
22237161,The Sellout,Paul Beatty,0374260508,9780374260507,4.0,"Farrar, Straus and Giroux",Hardcover,289.0,2015.0,,2020-09-22,2020-08-15,,1,Fiction,Standalone,No
19447056,"Gemba Kaizen: A Commonsense, Low-Cost Approach to Management",Masaaki Imai,0071368167,9780071368162,3.0,McGraw Hill,Kindle Edition,417.0,1997.0,,2020-08-30,2016-05-10,,1,NonFiction,Standalone,No
19052096,Things Fall Apart,Chinua Achebe,0141393963,9780141393964,4.0,Penguin Books,Kindle Edition,226.0,1958.0,,2020-08-25,2020-08-25,,1,Fiction,Standalone,No
53284628,A Summer Beyond Your Reach,Xia Jia,1642360392,9781642360394,4.0,Wyrm Publishing,Kindle Edition,310.0,2020.0,,2020-08-04,2020-05-05,,1,Fiction,Standalone,No
45992717,"The Mirror & the Light (Thomas Cromwell, #3)",Hilary Mantel,0805096604,9780805096606,5.0,Henry Holt and Company,Hardcover,757.0,2020.0,,2020-06-18,2020-04-26,,1,Fiction,Series,No
270166,Beowulf,Unknown,0374111197,9780374111199,5.0,"Farrar, Straus and Giroux",Hardcover,256.0,1000.0,,2020-04-19,2020-04-19,,1,Fiction,Standalone,No
14981,Labyrinths: Selected Stories and Other Writings,Jorge Luis Borges,0141184841,9780141184845,4.0,Penguin,Paperback,287.0,1962.0,,2020-04-11,2020-02-29,,1,Fiction,Standalone,No
34068470,The Odyssey,Homer,0393089053,9780393089059,5.0,W. W. Norton & Company,Hardcover,582.0,-700.0,2018-10-14,2019-06-10,2018-10-14,,2,Fiction,Standalone,No
13005587,Wild Swans: Three Daughters of China,Jung Chang,0007379870,9780007379873,5.0,Harper Perennial,Kindle Edition,720.0,1991.0,,2020-02-27,2020-02-08,,1,NonFiction,Standalone,No
40179612,Agency (Jackpot #2),William Gibson,,,3.0,Penguin,Kindle Edition,406.0,2020.0,,2020-02-08,2020-01-29,,1,Fiction,Series,No
18749,Half of a Yellow Sun,Chimamanda Ngozi Adichie,1400044162,9781400044160,5.0,Knopf,Hardcover,435.0,2006.0,,2020-01-26,2020-01-23,,1,Fiction,Standalone,No
44152284,"The Secret Commonwealth (The Book of Dust, #2)",Philip Pullman,,,4.0,Penguin and David Fickling Books,Kindle Edition,693.0,2019.0,,2020-01-20,2019-09-09,,1,Fiction,Series,No
38310,How Buildings Learn: What Happens After They're Built,Stewart Brand,0140139966,9780140139969,5.0,Penguin Books,Paperback,256.0,1994.0,,2020-01-11,2017-02-10,,1,NonFiction,Standalone,No
24856109,"The Three-Body Problem (Remembrance of Earth’s Past, #1)",Liu Cixin,1784971545,9781784971540,4.0,Head of Zeus,Kindle Edition,400.0,2006.0,,2020-01-09,2020-01-09,,1,Fiction,Series,No
33949719,Testosterone Rex: Unmaking the Myths of Our Gendered Minds,Cordelia Fine,1785781626,9781785781629,4.0,Icon Books,Kindle Edition,272.0,2017.0,,2020-01-07,2019-12-31,,1,NonFiction,Standalone,No
42867903,Open Borders: The Science and Ethics of Immigration,Bryan Caplan,1250316960,9781250316967,4.0,First Second,Paperback,248.0,2019.0,,2020-01-02,2019-12-22,,1,NonFiction,Standalone,No
2314378,"Tank Girl: One (Tank Girl, #1)",Alan C. Martin,1845767578,9781845767570,4.0,Titan Books,Paperback,128.0,1990.0,,2020-01-01,2019-12-21,,1,Fiction,Series,No
42975938,"The Testaments (The Handmaid's Tale, #2)",Margaret Atwood,,,4.0,Vintage Digital,Kindle Edition,432.0,2019.0,,2019-12-29,2019-09-09,,1,Fiction,Series,No
18881506,The War in the Air,H.G. Wells,,,0.0,,Kindle Edition,280.0,1908.0,,2014-11-01,2014-12-31,,1,Fiction,Standalone,No
826,The Big U: A Hilarious Satire of American College Life,Neal Stephenson,0380816032,9780380816033,4.0,William Morrow Paperbacks,Paperback,308.0,1984.0,,2019-03-01,2016-07-30,,1,Fiction,Standalone,No
26837308,The Dispossessed,Ursula K. Le Guin,,,5.0,Gateway,ebook,403.0,1974.0,2018-10-22,2018-11-01,2018-10-22,,1,Fiction,Series,No
105562,Coming of Age in Samoa: A Psychological Study of Primitive Youth for Western Civilisation,Margaret Mead,0688050336,9780688050337,5.0,Harper Perennial,Paperback,223.0,1928.0,2019-08-17,2019-12-15,2019-08-17,,1,NonFiction,Standalone,No
20413313,Buckminster Fuller Poet of Geometry,Cole Gerst,0615873448,9780615873442,4.0,Overcup Press,Hardcover,143.0,2013.0,,2019-11-09,2014-06-13,,1,NonFiction,Standalone,No
92610,Rocannon’s World,Ursula K. Le Guin,0441732968,9780441732968,4.0,Ace,Mass Market Paperback,258.0,1966.0,,2019-10-03,2019-10-08,,1,Fiction,Series,No
42978219,Counterproductive: Time Management in the Knowledge Economy,Melissa Gregg,1478002395,9781478002390,4.0,Duke University Press Books,Kindle Edition,202.0,,2019-09-09,2019-10-14,2019-09-09,,1,NonFiction,Standalone,No
201889,City of Illusions,Ursula K. Le Guin,,,5.0,Ace Books,Mass Market Paperback,160.0,1967.0,,2019-10-12,2019-10-12,,1,Fiction,Series,No
24647366,MIT BUILDING 20: SHORT STORIES,Bradford Howland,1499017928,9781499017922,2.0,Xlibris US,Kindle Edition,104.0,2014.0,,2019-10-06,2019-10-08,,1,NonFiction,Standalone,No
201882,Planet of Exile,Ursula K. Le Guin,0441669514,9780441669516,5.0,Ace Books,Paperback,126.0,1966.0,,2019-10-07,2019-10-08,,1,Fiction,Series,No
816,Cryptonomicon,Neal Stephenson,,,5.0,Avon,Mass Market Paperback,1152.0,1999.0,,2016-09-16,2013-04-19,,1,Fiction,Standalone,No
27248490,"The City of Tomorrow: Sensors, Networks, Hackers, and the Future of Urban Life (The Future Series)",Carlo Ratti,0300204809,9780300204803,3.0,Yale University Press,Hardcover,192.0,,,2019-09-08,2019-08-19,,1,NonFiction,Standalone,No
20334680,Science Fiction Prototyping: Designing the Future with Science Fiction,Brian David Johnson,,,3.0,Morgan & Claypool Publishers,Kindle Edition,179.0,2011.0,2018-10-14,2018-12-19,2018-08-18,,1,NonFiction,Standalone,No
19837638,"Parable of the Sower (Earthseed, #1)",Octavia E. Butler,,,4.0,Headline,ebook,308.0,1993.0,,2019-08-17,2019-01-13,,1,Fiction,Series,No
23817810,The Penelopiad (Faber Drama),Margaret Atwood,,,4.0,Faber & Faber,Kindle Edition,133.0,2005.0,,2019-08-02,2019-06-01,,1,Fiction,Standalone,No
20078750,"Parable of the Talents (Earthseed, #2)",Octavia E. Butler,147221479X,,5.0,Headline,Kindle Edition,446.0,1998.0,,2019-08-07,2019-08-03,,1,Fiction,Series,No
3217321,The Specialist,Charles Sale,0285632264,9780285632264,4.0,Souvenir Press Ltd,Hardcover,32.0,1929.0,,2019-07-31,2019-07-30,,1,Fiction,Standalone,No
25194939,"The Fifth Season (The Broken Earth, #1)",N.K. Jemisin,,,5.0,Orbit,ebook,496.0,2015.0,,2019-03-17,2019-03-16,,1,Fiction,Series,Yes
41810925,Goomics: Google's corporate culture revealed through internal comics,Manu Cornet,0988523841,9780988523845,3.0,Manu Cornet,Paperback,142.0,,,2019-03-15,2019-03-15,,1,NonFiction,Standalone,No
42479498,If This Goes On,Cat Rambo,0999784218,9780999784211,3.0,Parvus Press LLC,Paperback,296.0,2019.0,,2019-02-05,2019-02-05,,1,Fiction,Standalone,No
43379885,Humanimal 3.0,Barnaby Bennett,0473287927,9780473287924,3.0, Freerange Press,Paperback,88.0,,,2018-12-29,2018-12-28,,1,NonFiction,Standalone,No
21282876,Architecture Words 4: Having Words,Denise Scott Brown,1907896368,9781907896361,4.0,Architectural Association,Kindle Edition,155.0,2009.0,2019-06-30,2019-07-30,2019-06-30,,1,NonFiction,Standalone,No
11127108,The Blind Assassin,Margaret Atwood,,,5.0,Virago,ebook,658.0,2000.0,,2018-09-04,2018-09-04,,1,Fiction,Standalone,No
45214029,Blade Runner 2019 #1,Michael Green,1787733203,9781787733206,4.0,Titan,Kindle Edition,28.0,2019.0,,2019-07-29,2019-07-28,,1,Fiction,Series,No
111101,Bliss,Peter Carey,057116272X,9780571162727,5.0,Harper & Row,Paperback,296.0,1981.0,2019-06-15,2019-07-14,2019-06-15,,1,Fiction,Standalone,No
41454542,How Long 'til Black Future Month?,N.K. Jemisin,,,4.0,Orbit,Kindle Edition,449.0,2018.0,2019-06-24,2019-07-03,2019-06-24,,1,Fiction,Standalone,Yes
19181911,Toilet: Public Restrooms and the Politics of Sharing (NYU Series in Social and Cultural Analysis Book 1),Harvey Molotch,,,4.0,NYU Press,Kindle Edition,325.0,2010.0,,2019-06-27,2019-06-27,,1,NonFiction,Standalone,No
676046,The Sciences of the Artificial,Herbert A. Simon,0262691914,9780262691918,4.0,MIT Press,Paperback,248.0,1969.0,,2019-06-09,2013-05-27,,1,NonFiction,Standalone,No
44666731,"Fall; or, Dodge in Hell",Neal Stephenson,1460706994,9781460706992,4.0,HarperCollins,Kindle Edition,720.0,2019.0,,2019-06-08,2019-05-28,,1,Fiction,Standalone,No
33222458,"A Very Short, Fairly Interesting and Reasonably Cheap Book About Studying Organizations",Christopher Grey,1473988195,9781473988194,5.0,SAGE Publications Ltd,Kindle Edition,196.0,2005.0,,2018-04-10,2018-04-02,,1,NonFiction,Standalone,No
20605551,The Prefab Bathroom: An Architectural History,Deborah Schneiderman,0786476001,9780786476008,4.0,McFarland,Paperback,136.0,2014.0,,2019-05-17,2019-05-17,,1,NonFiction,Standalone,No
22935798,One Hundred Years of Solitude,Gabriel García Márquez,0241971829,9780241971826,5.0,Easton Press,Hardcover,422.0,1967.0,2019-01-25,2019-05-09,2019-01-25,,1,Fiction,Standalone,No
19932464,Kindred,Octavia E. Butler,,,5.0,Headline,ebook,306.0,1979.0,2018-01-26,2018-01-30,2018-01-26,,1,Fiction,Standalone,No
102920,Understanding Comics: The Invisible Art,Scott McCloud,,,5.0,HarperPerennial,Paperback,222.0,1993.0,2019-04-26,2019-05-02,2019-04-26,,1,NonFiction,Standalone,No
20085217,Boyd: The Fighter Pilot Who Changed the Art of War,Robert Coram,,,4.0,"Little, Brown and Company",Kindle Edition,506.0,2002.0,2019-04-20,2019-04-24,2019-04-20,,1,NonFiction,Standalone,No
43186164,Ursula K. Le Guin: The Last Interview: and Other Conversations,Ursula K. Le Guin,1612197809,9781612197807,5.0,Melville House,Kindle Edition,208.0,2019.0,2019-04-09,2019-04-16,2019-04-09,,1,NonFiction,Standalone,No
206998,"Techgnosis: Myth, Magic & Mysticism in the Age of Information",Erik Davis,1852427728,9781852427726,4.0,Serpents Tail,Paperback,435.0,1998.0,,2019-04-07,2017-01-15,,1,NonFiction,Standalone,No
33314081,The Stone Sky,N.K. Jemisin,,,4.0,Orbit,Kindle Edition,417.0,2017.0,2019-04-01,2019-04-07,2019-04-01,,1,Fiction,Series,Yes
29508057,The Obelisk Gate (The Broken Earth #2),N.K. Jemisin,0356504891,9780356504896,4.0,Orbit,Kindle Edition,408.0,2016.0,,2019-03-26,2019-03-23,,1,Fiction,Series,Yes
11982247,Crash,J.G. Ballard,,,4.0,Fourth Estate,ebook,225.0,1973.0,2018-06-05,2019-02-23,2014-12-31,,1,Fiction,Standalone,No
41949358,William Gibson's Alien 3 #1,William Gibson,,,0.0,Dark Horse,Kindle Edition,25.0,,,2019-02-21,2019-02-21,,1,Fiction,Series,No
41814440,"Heroes: Mortals and Monsters, Quests and Adventures (Stephen Fry's Great Mythology, #2)",Stephen Fry,,,4.0,Penguin,Kindle Edition,469.0,2018.0,,2019-02-11,2019-01-21,,1,Fiction,Standalone,Yes
35485181,"Mythos: The Greek Myths Retold (Stephen Fry's Great Mythology, #1)",Stephen Fry,,,4.0,Penguin,ebook,416.0,2017.0,,2019-02-02,2019-01-23,,1,Fiction,Standalone,Yes
824,The Cobweb,Neal Stephenson,0553383442,9780553383447,4.0,Random House Worlds,Paperback,448.0,1996.0,2019-01-15,2019-01-19,2016-07-30,,1,Fiction,Standalone,No
6320931,The Craftsman,Richard Sennett,0141022094,9780141022093,4.0,Penguin Books Ltd,Paperback,326.0,2008.0,2019-01-04,2019-01-16,2019-01-04,,1,NonFiction,Standalone,No
35784760,Posthumanism: Anthropological Insights,Alan Smart,1442636440,9781442636446,4.0,University of Toronto Press,Kindle Edition,134.0,,2018-12-29,2019-01-02,2018-12-29,,1,NonFiction,Standalone,No
28596777,D'Airain #2 (of 2),T.P. Louise,,,3.0,IDW,Kindle Edition,32.0,,,2018-12-29,2018-12-29,,1,Fiction,Series,No
28596757,D'Airain #1 (of 2),T.P. Louise,,,3.0,IDW,Kindle Edition,30.0,,,2018-12-27,2018-12-27,,1,Fiction,Series,No
828,Interface,Neal Stephenson,0553383434,9780553383430,4.0,Random House Worlds,Paperback,618.0,1994.0,,2018-12-27,2013-05-27,,1,Fiction,Standalone,No
40024818,The Books of Earthsea: The Complete Illustrated Edition,Ursula K. Le Guin,1473223555,9781473223554,5.0,Gollancz,Kindle Edition,1280.0,2018.0,,2018-12-15,2018-08-18,,1,Fiction,Series,Yes
36485213,21 Lessons for the 21st Century,Yuval Noah Harari,,,4.0,Vintage Digital,Kindle Edition,320.0,2018.0,2018-09-25,2018-10-14,2018-08-18,,1,NonFiction,Standalone,No
37590384,Foundations of Flavor: The Noma Guide to Fermentation,René Redzepi,1579657184,9781579657185,4.0,Artisan,Hardcover,456.0,2018.0,2018-11-01,2018-11-12,2018-08-18,,1,NonFiction,Standalone,No
41019110,It Doesn't Have to Be Crazy at Work,Jason Fried,0008323453,9780008323455,4.0,HarperCollins,Kindle Edition,245.0,2018.0,,2018-10-07,2018-08-18,,1,NonFiction,Standalone,No
35176276,Energy and Civilization: A History,Vaclav Smil,,,4.0,The MIT Press,Kindle Edition,733.0,2017.0,2018-04-22,2018-09-25,2018-03-17,,1,NonFiction,Standalone,No
34848154,Old Man And The Sea,Ernest Hemingway,,,5.0,Grapevine,Kindle Edition,112.0,1952.0,2018-03-13,2018-08-19,2018-03-13,,1,Fiction,Standalone,No
17316544,Remote: Office Not Required,Jason Fried,0804137501,9780804137508,4.0,Crown Currency,Hardcover,256.0,2013.0,,,2018-08-18,,1,NonFiction,Standalone,No
3128371,The Gallic War,Gaius Julius Caesar,0199540268,9780199540266,5.0,Oxford University Press,Paperback,320.0,-50.0,2018-07-03,2018-08-18,2018-07-03,,1,NonFiction,Standalone,No
2291487,Food in History,Reay Tannahill,0812814371,9780812814378,5.0,Stein and Day,Hardcover,448.0,1973.0,2018-04-16,2018-06-24,2018-04-15,,1,NonFiction,Standalone,No
36330113,On the Shortness of Life,Seneca,,,5.0,LRP,Kindle Edition,31.0,49.0,2018-04-02,2018-06-07,2018-04-02,,1,NonFiction,Standalone,No
22462209,MaddAddam (The Maddaddam Trilogy #3),Margaret Atwood,0748130195,9780748130191,5.0,Virago,Kindle Edition,497.0,2013.0,,2018-06-04,2018-05-25,,1,Fiction,Series,No
11138296,"The Year of the Flood  (MaddAddam, #2)",Margaret Atwood,,,5.0,Hachette Digital,ebook,529.0,2009.0,,2018-05-24,2018-01-26,,1,Fiction,Series,No
1111741,"George's Secret Key to the Universe (George, #1)",Lucy Hawking,1416954627,9781416954620,0.0,Simon & Schuster Books for Young Readers,Hardcover,297.0,2007.0,,,2018-04-18,,1,Fiction,Series,No
26893754,A Super Upsetting Cookbook About Sandwiches,Tyler Kord,0804186413,9780804186414,5.0,Clarkson Potter,Hardcover,192.0,2016.0,2018-03-29,2018-04-03,2018-03-29,,1,NonFiction,Standalone,No
21900210,Social Physics: how good ideas spread — the lessons from a new science,Alex Pentland,1925113140,9781925113143,4.0,Scribe,Kindle Edition,300.0,2014.0,,2018-04-03,2016-10-12,,1,NonFiction,Standalone,No
11218608,Alias Grace,Margaret Atwood,,,5.0,Virago,ebook,564.0,1996.0,,2018-04-01,2018-04-01,,1,Fiction,Standalone,No
16149296,On Writing Well: The Classic Guide to Writing Nonfiction,William Zinsser,,,5.0,Harper Perennial,Kindle Edition,303.0,1976.0,2018-03-05,2018-03-26,2018-03-05,,1,NonFiction,Standalone,No
18936229,The Lessons of History,Will Durant,,,4.0,Simon & Schuster,Kindle Edition,128.0,1968.0,2017-10-13,2018-03-21,2017-10-13,,1,NonFiction,Standalone,No
25984055,The Lathe of Heaven,Ursula K. Le Guin,,,5.0,Orion,Kindle Edition,124.0,1971.0,2018-02-26,2018-03-05,2018-02-26,,1,Fiction,Standalone,No
11323604,"Dune (Dune, #1)",Frank Herbert,,,5.0,Gateway,ebook,680.0,1965.0,,2018-02-17,2018-02-17,,1,Fiction,Series,No
11149411,"Oryx and Crake (MaddAddam Trilogy, #1)",Margaret Atwood,,,5.0,Virago,ebook,402.0,2003.0,,2018-01-26,2018-01-19,,1,Fiction,Series,No
34309015,"La Belle Sauvage (The Book of Dust, #1)",Philip Pullman,,,5.0,RHCP Digital,Kindle Edition,560.0,2017.0,,2018-01-19,2018-01-14,,1,Fiction,Series,No
27864449,His Dark Materials,Philip Pullman,,,5.0,RHCP Digital,Kindle Edition,946.0,2000.0,,2018-01-14,2018-01-14,,1,Fiction,Series,Yes
15835854,"Bring Up the Bodies (Thomas Cromwell, #2)",Hilary Mantel,,,5.0,Fourth Estate,ebook,436.0,2012.0,,2018-01-14,2017-11-29,,1,Fiction,Series,No
11046892,"Wolf Hall (Thomas Cromwell, #1)",Hilary Mantel,,,5.0,Fourth Estate,ebook,653.0,2009.0,,2017-11-29,2017-11-03,,1,Fiction,Series,No
30659,Meditations,Marcus Aurelius,0140449337,9780140449334,5.0,Penguin Books,Paperback,254.0,180.0,2017-08-19,2017-10-29,2017-10-27,,1,NonFiction,Standalone,No
13163263,"Tempo: Timing, Tactics and Strategy in Narrative-Driven Decision-Making",Venkatesh G. Rao,,,4.0,,Kindle Edition,217.0,2011.0,2017-07-16,2017-10-23,2016-05-10,,1,NonFiction,Standalone,No
17934759,Codex Seraphinianus,Luigi Serafini,0847842134,9780847842131,4.0,Rizzoli,Hardcover,396.0,1981.0,,,2014-12-31,,1,Fiction,Standalone,No
20744863,The Cucumber Book: Behaviour-Driven Development for Testers and Developers (Pragmatic Programmers),Matt Wynne,193778598X,9781937785987,4.0,Pragmatic Bookshelf,Kindle Edition,336.0,2011.0,,2015-05-10,2014-12-31,,1,NonFiction,Standalone,No
24968626,"Crux (Nexus, #2)",Ramez Naam,1942948018,9781942948018,4.0,,Kindle Edition,464.0,2013.0,,2016-05-01,2016-06-01,,1,Fiction,Series,No
21449081,Crime and Punishment,Fyodor Dostoevsky,0141956968,9780141956961,5.0,Penguin,Kindle Edition,731.0,1866.0,,2017-07-18,2017-07-18,,1,Fiction,Standalone,No
34677510,"The Rise and Fall of D.O.D.O. (D.O.D.O., #1)",Neal Stephenson,,,5.0,The Borough Press,ebook,769.0,2017.0,,2017-07-18,2017-06-28,,1,Fiction,Series,No
8521856,The Secret History of the Mongol Queens: How the Daughters of Genghis Khan Rescued His Empire,Jack Weatherford,,,5.0,Crown,Kindle Edition,338.0,2010.0,2017-07-04,2017-07-12,2017-07-04,,1,NonFiction,Standalone,No
29511043,Ghost Fleet: A Novel of the Next World War,P.W. Singer,,,4.0,,Kindle Edition,447.0,2015.0,,2017-07-09,2017-07-09,,1,Fiction,Standalone,No
33132692,Tonic Water AKA G&T WTF,Camper English,,,5.0,Alcademics,Kindle Edition,85.0,,2017-06-24,2017-06-25,2017-06-24,,1,NonFiction,Standalone,No
30223880,Archangel #1,William Gibson,,,4.0,IDW,Kindle Edition,48.0,2016.0,,2017-06-18,2017-06-18,,1,Fiction,Series,No
11213969,"Consider Phlebas (Culture, #1)",Iain M. Banks,0316171174,9780316171175,5.0,,Kindle Edition,545.0,1987.0,,2017-05-06,2017-04-25,,1,Fiction,Series,Yes
26802163,The Natural Way of Things,Charlotte Wood,1925268314,9781925268317,4.0,Allen & Unwin,Kindle Edition,320.0,2015.0,2017-04-25,2017-04-26,2017-04-25,,1,Fiction,Standalone,No
2298230,Japanese Graphics Now!,Julius Wiedermann,3822825891,9783822825891,0.0,Taschen,Paperback,608.0,2003.0,,,2014-06-13,,1,NonFiction,Standalone,No
32144990,Norse Mythology,Neil Gaiman,1408887029,9781408887028,5.0,Bloomsbury Publishing,Kindle Edition,256.0,2017.0,2017-03-14,2017-03-21,2017-03-20,,1,Fiction,Standalone,No
31380409,"Prelude to Foundation (Foundation, #6)",Isaac Asimov,0008117489,9780008117481,5.0,Harper Voyager UK,Paperback,402.0,1988.0,,2017-02-25,2017-02-24,,1,Fiction,Series,No
32951956,Raised on Ritalin,Tyler Page,0972080163,9780972080163,5.0,dementian comics,Paperback,399.0,,2017-01-14,2017-02-17,2017-01-14,,1,NonFiction,Standalone,No
23197269,Aurora,Kim Stanley Robinson,0316098108,9780316098106,4.0,Orbit,Hardcover,466.0,2015.0,2017-01-09,2017-01-12,2017-01-09,,1,Fiction,Standalone,No
558067,Introducing Fractal Geometry,Nigel Lesmoir-Gordon,1840467134,9781840467130,4.0,"Icon,Totem Books",Paperback,176.0,1996.0,,,2014-06-13,,1,NonFiction,Standalone,No
2333,Farmer Giles of Ham,J.R.R. Tolkien,0618009361,9780618009367,5.0,William Morrow,Hardcover,127.0,1949.0,2017-01-07,2017-01-09,2014-09-09,,1,Fiction,Series,No
20336279,"Siege Perilous (Foreworld, #5)",E.D. deBirmingham,1477867597,9781477867594,0.0,47North,Kindle Edition,410.0,2014.0,,2016-06-01,2016-05-10,,1,Fiction,Series,No
18652331,"Katabasis (Foreworld, #4)",Joseph Brassey,1477898212,9781477898215,4.0,47North,Kindle Edition,424.0,2013.0,,2016-05-12,2016-05-10,,1,Fiction,Series,No
13665175,"The Mongoliad: Book Two (Foreworld, #2)",Neal Stephenson,1612187455,9781612187457,4.0,47North,Kindle Edition,464.0,2012.0,,2015-02-28,2014-12-31,,1,Fiction,Series,No
16059493,"The Mongoliad: Book Three (Foreworld, #3)",Neal Stephenson,,,4.0,47North,ebook,804.0,2013.0,,2016-05-20,2014-12-31,,1,Fiction,Series,No
28420702,The Course of Love,Alain de Botton,,,5.0,Penguin,Kindle Edition,227.0,2016.0,2016-10-14,2016-10-20,2016-10-12,,1,Fiction,Standalone,No
31195557,The Power,Naomi Alderman,,,5.0,Penguin,Kindle Edition,328.0,2016.0,2016-12-22,2016-12-25,2016-12-25,,1,Fiction,Standalone,No
17290330,How Not to Be a D*ck: An Everyday Etiquette Guide,Meghan Doherty,1936976021,9781936976027,4.0,Zest Books ™,Hardcover,192.0,2013.0,,2016-12-30,2016-12-30,,1,NonFiction,Standalone,No
7439970,The Handmaid's Tale,Margaret Atwood,,,5.0,Vintage Digital,ebook,325.0,1985.0,2016-12-14,2016-12-22,2016-12-14,,1,Fiction,Standalone,Yes
29369422,Homo Deus: A Brief History of Tomorrow,Yuval Noah Harari,,,5.0,Vintage Digital,Kindle Edition,513.0,2015.0,2016-12-19,2016-12-19,2016-10-12,,1,NonFiction,Standalone,No
8125726,The Goal: A Process of Ongoing Improvement,Eliyahu M. Goldratt,,9780884272748,5.0,North River Press,Kindle Edition,362.0,,2016-11-10,2016-11-13,2016-11-12,,1,Fiction,Standalone,No
18658803,The Circle,Dave Eggers,0241967554,9780241967553,0.0,Penguin,Kindle Edition,504.0,2013.0,,2015-01-01,2014-12-31,,1,Fiction,Standalone,No
227463,A Clockwork Orange,Anthony Burgess,,,5.0,W. W. Norton & Company,Paperback,192.0,1962.0,,1996-01-01,2013-04-19,,1,Fiction,Standalone,No
5550,Perfectly Reasonable Deviations (from the Beaten Track): The Letters of Richard P. Feynman,Richard P. Feynman,0738206369,9780738206363,5.0,Basic Books,cloth,486.0,2004.0,,2011-01-01,2014-06-13,,1,NonFiction,Standalone,No
8908,World War Z: An Oral History of the Zombie War,Max Brooks,0307346609,9780307346605,5.0,Crown,Hardcover,342.0,2006.0,,2010-01-01,2013-04-19,,1,NonFiction,Standalone,No
25400395,"Ancillary Mercy (Imperial Radch, #3)",Ann Leckie,,,4.0,Orbit,Kindle Edition,354.0,2015.0,,2016-11-02,2016-11-02,,1,Fiction,Series,Yes
20706284,Ancillary Sword (Imperial Radch #2),Ann Leckie,0316246654,9780316246651,4.0,Orbit,Paperback,359.0,2014.0,,2016-10-30,2016-10-30,,1,Fiction,Series,Yes
9534,"Shadow of the Hegemon (The Shadow Series, #2)",Orson Scott Card,0812565959,9780812565959,4.0,Tor Books,Mass Market Paperback,451.0,2000.0,,2016-06-01,2016-05-10,,1,Fiction,Series,No
7967,"Speaker for the Dead (Ender's Saga, #2)",Orson Scott Card,0812550757,9780812550757,4.0,Tor Books,Mass Market Paperback,382.0,1986.0,,2016-06-01,2016-05-10,,1,Fiction,Series,No
9532,"Ender's Shadow (The Shadow Series, #1)",Orson Scott Card,0765342405,9780765342409,4.0,Starscape,Paperback,469.0,1999.0,,2016-06-01,2016-05-10,,1,Fiction,Series,No
862540,The Kindness of Women,J.G. Ballard,0156471140,9780156471145,5.0,Harcourt,Paperback,352.0,1991.0,,2016-08-01,2016-07-30,,1,Fiction,Standalone,No
8695,"The Restaurant at the End of the Universe (The Hitchhiker's Guide to the Galaxy, #2)",Douglas Adams,,,5.0,Del Rey,Paperback,250.0,1980.0,,2016-10-01,2016-09-30,,1,Fiction,Series,No
8694,"Life, the Universe and Everything (The Hitchhiker's Guide to the Galaxy, #3)",Douglas Adams,0345418905,9780345418906,5.0,Random House Worlds,Paperback,224.0,1982.0,,2016-10-01,2016-09-30,,1,Fiction,Series,No
8698,"So Long, and Thanks for All the Fish (Hitchhiker's Guide to the Galaxy, #4)",Douglas Adams,0330491237,9780330491235,5.0,Non Basic Stock Line,Paperback,167.0,1984.0,,2016-10-01,2016-09-30,,1,Fiction,Series,No
360,"Mostly Harmless (Hitchhiker's Guide to the Galaxy, #5)",Douglas Adams,,,5.0,Ballantine / Del Rey / Fawcett / Ivy,Mass Market Paperback,240.0,1992.0,,2016-10-01,2016-09-30,,1,Fiction,Series,No
18581676,Be Slightly Evil: A Playbook for Sociopaths (Ribbonfarm Roughs),Venkatesh G. Rao,098270304X,,4.0,"Ribbonfarm, Inc.",Kindle Edition,231.0,2013.0,,2016-02-01,2016-05-10,,1,NonFiction,Standalone,No
24155036,Information Doesn't Want to Be Free: Laws for the Internet Age,Cory Doctorow,,,4.0,McSweeney's,Kindle Edition,192.0,2014.0,2016-09-30,2016-10-01,2016-05-10,,1,NonFiction,Standalone,No
25870748,The Complete Hitchhiker's Guide to the Galaxy: The Trilogy of Five,Douglas Adams,1743540191,9781743540190,5.0,Tor UK,Kindle Edition,946.0,1979.0,,2016-10-01,2016-09-29,,1,Fiction,Series,No
23205111,Cimarronin: A Samurai in New Spain #1,Neal Stephenson,1477876081,9781477876084,0.0,Jet City Comics,Kindle Edition,26.0,2014.0,,2016-08-15,2016-07-30,,1,Fiction,Series,No
11,"The Hitchhiker's Guide to the Galaxy (Hitchhiker's Guide to the Galaxy, #1)",Douglas Adams,,,5.0,Del Rey Books,Mass Market Paperback,216.0,1979.0,,2016-10-01,2016-09-30,,1,Fiction,Series,No
18626964,"Ancillary Justice (Imperial Radch, #1)",Ann Leckie,,,5.0,Orbit,Kindle Edition,432.0,2013.0,,2016-10-23,2016-10-24,,1,Fiction,Series,Yes
17027771,The Aspern Papers,Henry James,,,5.0,,Kindle Edition,107.0,1888.0,2016-10-24,2016-10-27,2016-10-24,,1,Fiction,Standalone,No
8244656,The Graveyard Book,Neil Gaiman,,,4.0,Bloomsbury,Kindle Edition,305.0,2008.0,,,2016-05-10,,1,Fiction,Standalone,No
70253,Cocaine Nights,J.G. Ballard,1582430179,9781582430171,5.0,Counterpoint,Paperback,328.0,1996.0,2016-10-02,2016-10-04,2016-10-02,,1,Fiction,Standalone,No
20763766,Information Doesn't Want to Be Free: Laws for the Internet Age,Cory Doctorow,1940450284,9781940450285,4.0,McSweeneys Books,Hardcover,162.0,2014.0,2016-09-30,2016-10-02,2016-09-30,,1,NonFiction,Standalone,No
24968342,"Nexus (Nexus, #1)",Ramez Naam,194294800X,9781942948001,0.0,Angry Robot,Kindle Edition,404.0,2012.0,,2016-05-01,2016-05-10,,1,Fiction,Series,No
39889,Grey Eminence,Aldous Huxley,0099477823,9780099477822,5.0,Vintage / Random House London,Paperback,297.0,1941.0,2016-06-01,2016-09-05,2016-06-01,,1,NonFiction,Standalone,No
23862104,The Complete Short Stories: Volume 2,J.G. Ballard,0007513615,9780007513611,5.0,Fourth Estate,Kindle Edition,784.0,2006.0,,2016-08-19,2016-06-01,,1,Fiction,Standalone,No
19285527,"The Complete Short Stories, Volume 1",J.G. Ballard,0007369387,9780007369386,5.0,Fourth Estate,Kindle Edition,801.0,2006.0,,2016-07-30,2016-06-01,,1,Fiction,Standalone,No
11248192,The Kraken Wakes,John Wyndham,,,5.0,,Kindle Edition,271.0,1953.0,,2016-01-01,2016-05-10,,1,Fiction,Standalone,No
27985224,Deep Work: Rules for Focused Success in a Distracted World,Cal Newport,0349411913,,4.0,Piatkus,Kindle Edition,305.0,2016.0,,2016-01-01,2016-05-10,,1,NonFiction,Standalone,No
20511229,The City & The City,China Miéville,1743032994,9781743032992,4.0,Macmillan,Kindle Edition,358.0,2009.0,,2016-01-01,2016-05-10,,1,Fiction,Standalone,No
23609640,A Scanner Darkly,Philip K. Dick,1473206715,9781473206717,5.0,Gateway,Kindle Edition,307.0,1977.0,,2016-01-01,2016-05-10,,1,Fiction,Standalone,No
18581690,"The Gervais Principle: The Complete Series, with a Bonus Essay on Office Space (Ribbonfarm Roughs)",Venkatesh G. Rao,0982703031,,4.0,"Ribbonfarm, Inc.",Kindle Edition,171.0,2013.0,,2016-02-01,2016-05-10,,1,NonFiction,Standalone,No
19815867,Post-Capitalist Society,Peter F. Drucker,,,4.0,Routledge,Kindle Edition,217.0,1993.0,,2016-02-01,2016-05-10,,1,NonFiction,Standalone,No
19458297,High-Rise,J.G. Ballard,,,5.0,Fourth Estate,ebook,258.0,1975.0,,2016-02-01,2016-05-10,,1,Fiction,Standalone,No
12952273,Race Against The Machine,Erik Brynjolfsson,0984725105,9780984725106,3.0,Digital Frontier Press,Kindle Edition,98.0,2011.0,,2016-03-01,2015-08-26,,1,NonFiction,Standalone,No
25124603,Satin Island,Tom McCarthy,,,4.0,Vintage Digital,Kindle Edition,210.0,2015.0,,2016-02-01,2016-05-10,,1,Fiction,Standalone,No
23969628,The Mysterious Island (Illustrated),Jules Verne,,,4.0,,Kindle Edition,802.0,1875.0,,2016-04-01,2016-05-10,,1,Fiction,Standalone,No
13642710,"Nexus (Nexus, #1)",Ramez Naam,0857662937,9780857662934,4.0,Angry Robot,Paperback,460.0,2012.0,,2016-05-01,2016-06-01,,1,Fiction,Series,No
25495628,"Apex (Nexus, #3)",Ramez Naam,,,4.0,Angry Robot,Kindle Edition,608.0,2015.0,,2016-05-22,2016-06-01,,1,Fiction,Series,No
11324762,Concrete Island,J.G. Ballard,0007321589,9780007321582,5.0,Fourth Estate,Kindle Edition,208.0,1974.0,,2016-01-01,2016-05-10,,1,Fiction,Standalone,No
19862994,The Moon is a Harsh Mistress,Robert A. Heinlein,,,4.0,Hodderscape,Kindle Edition,386.0,1966.0,,2016-01-01,2016-05-10,,1,Fiction,Standalone,No
18889563,"Flow, My Tears, the Policeman Said.",Philip K. Dick,0575098295,,5.0,Gateway/Gollancz,Kindle Edition,259.0,1974.0,,2015-01-01,2016-05-10,,1,Fiction,Standalone,No
19316760,Zodiac,Neal Stephenson,,,4.0,Cornerstone Digital,Kindle Edition,340.0,1988.0,,2016-01-01,2016-05-10,,1,Fiction,Standalone,No
890114,What Sort of People Should There Be?,Jonathan Glover,0140222243,9780140222241,5.0,Penguin Books,Paperback,192.0,1984.0,,2011-01-01,2014-12-31,,1,NonFiction,Standalone,No
8293754,Engineering Mathematics,K.A. Stroud,0333620224,9780333620229,3.0,Macmillan Press,Paperback,1000.0,1982.0,,1998-01-01,2014-06-13,,1,NonFiction,Standalone,No
19321490,A History of the Future in 100 Objects,Adrian Hon,,,5.0,,Kindle Edition,343.0,2013.0,,2014-01-01,2014-12-31,,1,Fiction,Standalone,No
18937,In the Beginning...Was the Command Line,Neal Stephenson,0380815931,9780380815937,5.0,Avon and William Morrow,Paperback,151.0,1999.0,,2007-01-01,2014-06-13,,1,NonFiction,Standalone,No
320553,Notes on the Synthesis of Form,Christopher W. Alexander,0674627512,9780674627512,5.0,Harvard University Press,Paperback,224.0,1964.0,,2007-01-01,2014-06-13,,1,NonFiction,Standalone,No
320993,The Case against Perfection: Ethics in the Age of Genetic Engineering,Michael J. Sandel,067401927X,9780674019270,0.0,Belknap Press of Harvard University Press,Hardcover,176.0,2007.0,,2010-01-01,2014-06-13,,1,NonFiction,Standalone,No
22743491,California,Edan Lepucki,1405525827,9781405525824,3.0,"Little, Brown Book Group",Kindle Edition,401.0,2014.0,,2014-01-01,2014-12-31,,1,Fiction,Standalone,No
22754934,The Peripheral (Jackpot #1),William Gibson,,,4.0,Penguin,ebook,490.0,2014.0,,2014-01-01,2014-12-31,,1,Fiction,Series,No
22011085,The Life-Changing Magic of Tidying,Marie Kondō,,,5.0,Ebury Digital,Kindle Edition,256.0,2010.0,,2015-01-01,2016-05-10,,1,NonFiction,Standalone,No
24792435,Seveneves,Neal Stephenson,,,5.0,The Borough Press,Kindle Edition,881.0,2015.0,,2015-01-01,2016-05-10,,1,Fiction,Standalone,No
23211016,The Epic Struggle of the Internet of Things,Bruce Sterling,,,5.0,Strelka Press,Kindle Edition,30.0,2014.0,,2014-01-01,2014-12-31,,1,NonFiction,Standalone,No
10856732,The Day of the Triffids,John Wyndham,,,5.0,RosettaBooks,Kindle Edition,256.0,1951.0,,2015-01-01,2016-05-10,,1,Fiction,Standalone,No
13095682,Zen and the Art of Motorcycle Maintenance: An Inquiry into Values,Robert M. Pirsig,,,5.0,Vintage Digital,Kindle Edition,404.0,1974.0,,2015-01-01,2016-05-10,,1,NonFiction,Standalone,No
21480734,Dataclysm: Who We Are (When We Think No One's Looking),Christian Rudder,0385347375,9780385347372,5.0,Crown,Hardcover,304.0,2014.0,,2015-01-01,2014-12-31,,1,NonFiction,Standalone,No
27844376,Future Visions: Original Science Fiction Inspired by Microsoft,Jennifer Henshaw,,,4.0,Melcher Media Inc,Kindle Edition,224.0,2015.0,,2016-01-01,2016-05-10,,1,Fiction,Standalone,No
26887840,Bitch Planet #1,Kelly Sue DeConnick,,,3.0,Image,Kindle Edition,28.0,2014.0,,2015-01-01,2016-05-10,,1,Fiction,Series,No
26242476,Superforecasting: The Art and Science of Prediction,Philip E. Tetlock,,,4.0,Cornerstone Digital,Kindle Edition,354.0,2015.0,,2015-01-01,2016-05-10,,1,NonFiction,Standalone,No
24352054,NECRONOMICUM #1 (NECRONOMICUM: The Magazine of Weird Erotica),Ramsey Campbell,1927673046,9781927673041,3.0,Martian Migraine Press,Kindle Edition,74.0,2014.0,,2015-01-01,2016-05-10,,1,Fiction,Standalone,No
25831873,Accessing the Future: A Disability-Themed Anthology of Speculative Fiction,Kathryn Allan,0957397550,9780957397552,3.0,Futurefire.net Publishing,Kindle Edition,246.0,2015.0,,2015-01-01,2016-05-10,,1,Fiction,Standalone,No
6641952,The Cathedral & the Bazaar: Musings on Linux and Open Source by an Accidental Revolutionary,Eric S. Raymond,,,5.0,O'Reilly Media,Kindle Edition,258.0,1999.0,,2015-01-01,2014-12-31,,1,NonFiction,Standalone,No
28803370,A Girl Corrupted by the Internet is the Summoned Hero?!,Eliezer Yudkowsky,,,3.0,,Kindle Edition,80.0,2016.0,,2016-01-01,2016-05-10,,1,Fiction,Standalone,No
67825,Peopleware: Productive Projects and Teams,Tom DeMarco,0932633439,9780932633439,4.0,Dorset House,Paperback,245.0,1987.0,,2014-01-01,2013-04-21,,1,NonFiction,Standalone,No
11280620,Ubik,Philip K. Dick,0575097957,9780575097957,5.0,Hachette UK,Kindle Edition,226.0,1969.0,,2016-01-01,2016-05-10,,1,Fiction,Standalone,No
6565257,Hackers & Painters: Big Ideas from the Computer Age,Paul Graham,059610636X,9780596106362,5.0,O'Reilly Media,Kindle Edition,314.0,2004.0,,2015-01-01,2016-05-10,,1,NonFiction,Standalone,No
6571744,Influence: The Psychology of Persuasion (Collins Business Essentials Book 16),Robert B. Cialdini,,,4.0,HarperCollins,Kindle Edition,334.0,1984.0,,2015-01-01,2016-05-10,,1,NonFiction,Standalone,No
7640261,Sex at Dawn: The Prehistoric Origins of Modern Sexuality,Christopher Ryan,,,4.0,HarperCollins,Hardcover,416.0,2010.0,,,2013-04-21,,1,NonFiction,Standalone,No
4948,The Very Hungry Caterpillar,Eric Carle,0241003008,9780241003008,5.0,Puffin Books,Board book,26.0,1969.0,,,2016-05-10,,1,Fiction,Standalone,No
4671,The Great Gatsby,F. Scott Fitzgerald,0743273567,9780743273565,4.0,Scribner,Paperback,180.0,1925.0,,,2016-05-10,,1,Fiction,Standalone,No
12067,"Good Omens: The Nice and Accurate Prophecies of Agnes Nutter, Witch",Terry Pratchett,,,5.0,William Morrow Paperbacks,Mass Market Paperback,491.0,1990.0,,,2016-05-10,,1,Fiction,Standalone,No
386372,"Mort (Discworld, #4; Death, #1)",Terry Pratchett,0061020680,9780061020681,5.0,Harpertorch,Mass Market Paperback,243.0,1987.0,,,2016-05-10,,1,Fiction,Series,No
3580058,Follies: Grottoes & Garden Buildings,Gwyn Headley,1854106252,9781854106254,3.0,Aurum Press,Paperback,607.0,1999.0,,,2014-06-13,,1,NonFiction,Standalone,No
330359,Number 9: The Search for the Sigma Code,Cecil Balmond,3791319337,9783791319339,2.0,Prestel,Hardcover,236.0,1998.0,,,2014-06-13,,1,NonFiction,Standalone,No
1968523,Genetic Architectures/Arquitecturas Geneticas,Alberto T. Estévez,0930829514,9780930829513,2.0,Lumen,Paperback,112.0,2004.0,,,2014-06-13,,1,NonFiction,Standalone,No
9099717,3ds Max 8 MAXScript Essentials,Autodesk,0240808584,9780240808581,2.0,Routledge,Paperback,242.0,2006.0,,,2014-06-13,,1,NonFiction,Standalone,No
238558,A New Kind of Science,Stephen Wolfram,1579550088,9781579550080,2.0,"Wolfram Media, Inc.",Hardcover,1280.0,2002.0,,,2014-06-13,,1,NonFiction,Standalone,No
2229145,Expressive Form,Kostas Terzidis,0415317444,9780415317443,1.0,Routledge,Paperback,104.0,1393.0,,,2014-06-13,,1,NonFiction,Standalone,No
1247974,C# Language Pocket Reference,Peter Drayton,059600429X,9780596004293,1.0,"O'Reilly Media, Inc.",Paperback,128.0,2002.0,,,2014-06-13,,1,NonFiction,Standalone,No
3355846,economic naturalist,Robert H. Frank,0753513382,9780753513385,4.0,Basic Books,Paperback,241.0,2006.0,,,2014-06-13,,1,NonFiction,Standalone,No
19296692,The Future of Work (Cato Unbound Book 62006),Robin Hanson,,,4.0,Cato Institute,Kindle Edition,105.0,2006.0,,,2016-05-10,,1,NonFiction,Standalone,No
2659696,Global Catastrophic Risks,Nick Bostrom,0198570503,9780198570509,4.0,Oxford University Press,Hardcover,578.0,2008.0,,,2014-09-09,,1,NonFiction,Standalone,No
5892575,Colour for Architecture Today,Tom Porter,0415438152,9780415438155,4.0,Taylor & Francis,Paperback,192.0,2009.0,,,2014-06-13,,1,NonFiction,Standalone,No
239294,Me++: The Cyborg Self And The Networked City,William J. Mitchell,0262633132,9780262633130,4.0,Mit Pr,Paperback,259.0,2003.0,,,2014-06-13,,1,NonFiction,Standalone,No
304447,Creation : Life and How to Make It,Steve Grand,0753812770,9780753812778,4.0,Phoenix Paperbacks,Paperback,240.0,2000.0,,,2014-06-13,,1,NonFiction,Standalone,No
574893,Nufonia Must Fall,Kid Koala,1550225588,9781550225587,4.0,Ecw Press,Paperback,352.0,2003.0,,,2014-06-13,,1,NonFiction,Standalone,No
161777,Atelier Van Lieshout,Joep van Lieshout,9069181827,9789069181820,3.0,Museum Boijmans van Beuningen,Paperback,,1997.0,,,2014-06-13,,1,NonFiction,Standalone,No
104371,Intricacy: A Project By Greg Lynn Form,Jesse Reiser,0884541029,9780884541028,3.0,ICA Philadelphia,Paperback,50.0,2003.0,,,2014-06-13,,1,NonFiction,Standalone,No
57020,Being Digital,Nicholas Negroponte,0340649305,9780340649305,3.0,Hodder and Stoughton,Paperback,249.0,1995.0,,,2014-06-13,,1,NonFiction,Standalone,No
105139,An Introduction to Genetic Algorithms (Complex Adaptive Systems),Melanie Mitchell,0262631857,9780262631853,3.0,MIT Press,Paperback,221.0,1996.0,,,2014-06-13,,1,NonFiction,Standalone,No
754702,XYZ: The Architecture of Dagmar Richter,Dagmar Richter,1856692515,9781856692519,3.0,Laurence King Publishing,Paperback,188.0,2001.0,,,2014-06-13,,1,NonFiction,Standalone,No
939193,C# 2005 For Dummies,Stephen Randy Davis,0764597043,9780764597046,3.0,For Dummies,Paperback,432.0,2005.0,,,2014-06-13,,1,NonFiction,Standalone,No
189989,Finite and Infinite Games: A Vision of Life as Play and Possibility,James P. Carse,0345341848,9780345341846,3.0,Ballantine,Mass Market Paperback,180.0,1986.0,,,2014-06-13,,1,NonFiction,Standalone,No
32196,"Tooling (Pamphlet Architecture, 27)",Benjamin Aranda,1568985479,9781568985473,3.0,Princeton Architectural Press,Paperback,96.0,2005.0,,,2014-06-13,,1,NonFiction,Standalone,No
10048731,Space Craft: Developments in Architectural Computing,David Littlefield,1859462928,9781859462928,3.0,RIBA Publishing,Paperback,200.0,2008.0,,,2014-06-13,,1,NonFiction,Standalone,No
1369984,Softspace: From a Representation of Form to a Simulation of Space,Sean Lally,0415402026,9780415402026,3.0,Routledge,Paperback,224.0,2006.0,,,2014-06-13,,1,NonFiction,Standalone,No
2490104,Natural Born CAADesigners: Young American Architects (The Information Technology Revolution in Architecture),Maria Rita Perbellini,3764362464,9783764362461,3.0,Birkhäuser,Paperback,93.0,2000.0,,,2014-06-13,,1,NonFiction,Standalone,No
301931,Freakonomics: A Rogue Economist Explores the Hidden Side of Everything,Steven D. Levitt,0141019018,9780141019017,5.0,Penguin,Paperback,320.0,2005.0,,,2014-06-13,,1,NonFiction,Standalone,No
8850137,Illustrated Superfreakonomics. Steven D. Levitt & Stephen J. Dubner,Steven D. Levitt,1846143039,9781846143038,5.0,Allen Lane,Hardcover,281.0,2009.0,,,2014-06-13,,1,NonFiction,Standalone,No
2537869,Mathland From Flatland to Hypersurfaces,Michele Emmer,376430149X,9783764301491,5.0,Birkhäuser,Paperback,96.0,2003.0,,,2014-06-13,,1,NonFiction,Standalone,No
13255546,Programming.Architecture,Paul Coates,0415451884,9780415451888,5.0,Routledge,Paperback,200.0,2010.0,,,2014-06-13,,1,NonFiction,Standalone,No
1207566,Succeeding With Autocad: A Full Course in 2d Drafting and 3d Modelling,Barry Hawkes,0077090713,9780077090715,5.0,McGraw-Hill Book Co Ltd,Hardcover,,,,,2014-06-13,,1,NonFiction,Standalone,No
387996,Blondie24: Playing at the Edge of AI (The Morgan Kaufmann Series in Artificial Intelligence),David B. Fogel,1558607838,9781558607835,5.0,Morgan Kaufmann,Paperback,406.0,2001.0,,,2014-06-13,,1,NonFiction,Standalone,No
9221094,"Zero History (Blue Ant, #3)",William Gibson,,9780670919543,5.0,,Paperback,404.0,2010.0,,,2014-06-13,,1,Fiction,Series,No
865437,Art Forms from the Ocean: The Radiolarian Prints of Ernst Haeckel,Olaf Breidbach,3791333275,9783791333274,5.0,Prestel,Paperback,96.0,2005.0,,,2014-06-13,,1,NonFiction,Standalone,No
958215,Art Forms in Nature,Olaf Breidbach,3791319906,9783791319902,5.0,Prestel-Verlag,Paperback,140.0,1904.0,,,2014-06-13,,1,NonFiction,Standalone,No
393733,The Selfish Gene,Richard Dawkins,0199291144,9780199291144,5.0,Oxford University Press,Hardcover,384.0,1976.0,,,2014-06-13,,1,NonFiction,Standalone,No
14744381,"The Walking Dead: Compendium Two (The Walking Dead, #9-16)",Robert Kirkman,1607065967,9781607065968,5.0,Image comics,Paperback,1068.0,2012.0,,,2014-06-13,,1,Fiction,Series,No
248764,Climbing Mount Improbable,Richard Dawkins,0141026170,9780141026176,5.0,Penguin,Paperback,308.0,1996.0,,,2014-06-13,,1,NonFiction,Standalone,No
7312071,Checklist Manifesto How to Get Things Right,Atul Gawande,1846683130,9781846683138,4.0,Profile Books,Hardcover,256.0,2009.0,,,2014-06-13,,1,NonFiction,Standalone,No
6993481,Future People: A Moderate Consequentialist Account of our Obligations to Future Generations,Tim Mulgan,0199556733,9780199556731,4.0,Oxford University Press,Paperback,396.0,2006.0,,,2014-06-13,,1,NonFiction,Standalone,No
7001194,Wired for War: The Robotics Revolution and Conflict in the 21st Century,P.W. Singer,0143116843,9780143116844,4.0,Penguin Books,Paperback,499.0,2009.0,,,2014-06-13,,1,NonFiction,Standalone,No
224064,Architecture in the Digital Age: Design And Manufacturing,Branko Kolarevic,041538141X,9780415381413,4.0,Taylor & Francis,Paperback,314.0,2003.0,,,2014-06-13,,1,NonFiction,Standalone,No
32583,Euclid's Window: From Parallel Lines to Hyperspace,leonard-mlodinow,0141009098,9780141009094,4.0,Fisicalbook,Paperback,306.0,2001.0,,,2014-06-13,,1,NonFiction,Standalone,No
17039,Flatterland,Ian Stewart,0330393774,9780330393775,4.0,Pan Macmillan,Paperback,295.0,2001.0,,,2014-06-13,,1,NonFiction,Standalone,No
2845024,Anathem,Neal Stephenson,0061474096,9780061474095,5.0,William Morrow,Hardcover,937.0,2008.0,,,2013-11-05,,1,Fiction,Standalone,No
830,Snow Crash,Neal Stephenson,0553380958,9780553380958,5.0,Bantam Books,Paperback,438.0,1992.0,,,2013-11-05,,1,Fiction,Standalone,No
13629,The Mythical Man-Month: Essays on Software Engineering,Frederick P. Brooks Jr.,0201835959,9780201835953,4.0,Addison-Wesley Professional,Paperback,322.0,1975.0,,,2013-04-21,,1,NonFiction,Standalone,No
10552338,Reamde,Neal Stephenson,0061977969,9780061977961,5.0,William Morrow,Hardcover,1044.0,2011.0,,,2013-04-21,,1,Fiction,Standalone,No
827,"The Diamond Age: Or, a Young Lady's Illustrated Primer",Neal Stephenson,0553380966,9780553380965,5.0,Spectra,Paperback,499.0,1995.0,,,2013-04-21,,1,Fiction,Standalone,No
15195,The Complete Maus,Art Spiegelman,0141014083,9780141014081,5.0,Penguin Books,Paperback,296.0,1980.0,,,2014-04-24,,1,NonFiction,Standalone,No
4070074,Sustainable Energy - without the hot air,David J.C. MacKay,0954452933,9780954452933,5.0,UIT Cambridge Ltd.,Paperback,384.0,2008.0,,,2013-04-21,,1,NonFiction,Standalone,No
8295595,Living With Complexity,Donald A. Norman,0262014866,9780262014861,3.0,The MIT Press,Hardcover,298.0,2010.0,,,2014-04-24,,1,NonFiction,Standalone,No
433567,Flatland: A Romance of Many Dimensions,Edwin A. Abbott,048627263X,9780486272634,5.0,"Dover Publications, Inc.",Paperback,96.0,1884.0,,,2013-04-21,,1,Fiction,Standalone,No
66726,"The Cartoon History of the Modern World Part 1: From Columbus to the U.S. Constitution (The Cartoon History of the Modern World, #1)",Larry Gonick,0060760044,9780060760045,5.0,William Morrow Paperbacks,Paperback,272.0,2007.0,,,2013-04-19,,1,NonFiction,Series,No
6465707,The Walking Dead: Compendium One,Robert Kirkman,,,5.0,Image Comics,Paperback,1088.0,2009.0,,,2013-04-19,,1,Fiction,Series,No
12576334,Religion for Atheists: A Non-Believer's Guide to the Uses of Religion,Alain de Botton,0241144779,9780241144770,4.0,Hamish Hamilton,Hardcover,320.0,2011.0,,,2013-04-19,,1,NonFiction,Standalone,No
168872,The Cartoon Guide to Statistics,Larry Gonick,0062731025,9780062731029,3.0,HarperPerennial,Paperback,230.0,,,,2013-04-19,,1,NonFiction,Standalone,No
13443885,The Quantum Sausage Machine (a science fiction adventure),R.D. Hanson,1427637121,9781427637123,2.0,Aardvark Global Publishing,Kindle Edition,142.0,,,,2016-05-10,,1,Fiction,Standalone,No
18713165,Information: A Very Short Introduction (Very Short Introductions),Luciano Floridi,0191609544,9780191609541,4.0,OUP Oxford,Kindle Edition,185.0,2010.0,,,2016-05-10,,1,NonFiction,Standalone,No
9222502,"Tomorrow, When the War Began (The Tomorrow Series, #1)",John Marsden,1742624553,9781742624556,4.0,Pan Macmillan Australia,Kindle Edition,219.0,1993.0,,,2016-05-10,,1,Fiction,Series,No
19901314,Future Practice: Conversations from the Edge of Architecture,Rory Hyde,,,4.0,Routledge,Kindle Edition,282.0,2012.0,,,2016-05-10,,1,NonFiction,Standalone,No
21296575,Hamburger: A Global History (Edible),Andrew F. Smith,,,4.0,Reaktion Books,Kindle Edition,152.0,2008.0,,,2016-05-10,,1,NonFiction,Standalone,No
17880067,Fahrenheit 451,Ray Bradbury,,,3.0,HarperVoyager,ebook,119.0,1963.0,,,2016-05-10,,1,Fiction,Standalone,No
20775702,The Martian,Andy Weir,,,5.0,Ebury Digital,Kindle Edition,369.0,2011.0,,,2016-05-10,,1,Fiction,Standalone,No
18881450,Flowers For Algernon,Daniel Keyes,,,5.0,Gateway,ebook,228.0,1966.0,,,2016-05-10,,1,Fiction,Standalone,No
12659347,"Xenocide (Ender's Saga, #3)",Orson Scott Card,0748134220,,4.0,Orbit,Kindle Edition,449.0,1991.0,,,2016-05-10,,1,Fiction,Series,No
17255897,"The Phoenix Project: A Novel About IT, DevOps, and Helping Your Business Win",Gene Kim,0988262576,9780988262577,4.0,IT Revolution Press,Kindle Edition,450.0,2013.0,,,2016-05-10,,1,Fiction,Standalone,No
89158,Expert Political Judgment: How Good Is It? How Can We Know?,Philip E. Tetlock,0691128715,9780691128719,4.0,Princeton University Press,Paperback,344.0,2005.0,,2016-05-10,2013-04-19,,1,NonFiction,Standalone,No
20707970,Liquid Intelligence: The Art and Science of the Perfect Cocktail,Dave Arnold,0393089037,9780393089035,5.0,W. W. Norton & Company,Hardcover,416.0,2014.0,2014-12-21,2016-05-10,2014-12-21,,1,NonFiction,Standalone,No
9844623,Feynman,Jim Ottaviani,1596432594,9781596432598,0.0,First Second,Hardcover,266.0,2011.0,,,2013-04-19,,1,NonFiction,Standalone,No
5905538,Logicomix,Apostolos Doxiadis,0747597200,9780747597209,0.0,GARDNERS VI BOOKS AMS006,Paperback,347.0,2009.0,,,2014-06-13,,1,NonFiction,Standalone,No
19438287,The Mongoliad,Neal Stephenson,1611093910,9781611093919,0.0,47North,Kindle Edition,444.0,2012.0,,,2014-12-31,,1,Fiction,Series,No
1448236,Parkinson's Law,C. Northcote Parkinson,1568490151,9781568490151,5.0,Buccaneer Books,Hardcover,112.0,1957.0,2014-12-30,2015-01-02,2014-12-30,,1,NonFiction,Standalone,No
70420,The Undercover Economist,Tim Harford,0195189779,9780195189773,4.0,Oxford University Press,Hardcover,288.0,2005.0,,,2014-12-31,,1,NonFiction,Standalone,No
17165301,Beyond Bacon: Paleo Recipes that Respect the Whole Hog,Matthew McCarry,1936608235,9781936608232,3.0,Victory Belt Publishing,Hardcover,304.0,2013.0,,,2014-12-31,,1,NonFiction,Standalone,No
17924086,Nom Nom Paleo: Food for Humans (Volume 1),Michelle Tam,1449450334,9781449450335,4.0,Andrews McMeel Publishing,Hardcover,288.0,2013.0,,,2014-12-31,,1,NonFiction,Standalone,No
17293290,Primal Cravings: Your favorite foods made Paleo,Brandon Keatley,0984755195,9780984755196,4.0,Primal Blueprint Publishing,Hardcover,280.0,2013.0,,,2014-12-31,,1,NonFiction,Standalone,No
18667813,"Less Doing, More Living: Make Everything in Life Easier",Ari R. Meisel,0399168524,9780399168529,4.0,Tarcher,Paperback,144.0,2014.0,,,2014-12-31,,1,NonFiction,Standalone,No
18926194,Some Remarks,Neal Stephenson,,,5.0,Atlantic Books,Kindle Edition,341.0,2012.0,,,2014-12-31,,1,NonFiction,Standalone,No
18361450,"Raising Steam (Discworld, #40)",Terry Pratchett,,,4.0,Transworld Digital,ebook,384.0,2013.0,,,2014-12-31,,1,Fiction,Series,No
18529118,"Quicksilver (The Baroque Cycle, #1)",Neal Stephenson,,,5.0,Cornerstone Digital,Kindle Edition,956.0,2003.0,,,2014-12-31,,1,Fiction,Series,No
18674785,Scrum: A Breathtakingly Brief and Agile Introduction,Chris Sims,,,4.0,Dymaxicon,Kindle Edition,43.0,2012.0,,,2014-12-31,,1,NonFiction,Standalone,No
19078142,"The System Of The World (The Baroque Cycle, #3)",Neal Stephenson,,,5.0,Cornerstone Digital,Kindle Edition,1017.0,2004.0,,,2014-12-31,,1,Fiction,Series,No
18731854,"The Confusion (The Baroque Cycle, #2)",Neal Stephenson,,,5.0,Cornerstone Digital,Kindle Edition,842.0,2004.0,,,2014-12-31,,1,Fiction,Series,No
11256625,The Elements of Scrum,Chris Sims,,,4.0,,Kindle Edition,186.0,2011.0,,,2014-12-31,,1,NonFiction,Standalone,No
18630542,Seconds,Bryan Lee O'Malley,0345529375,9780345529374,4.0,Ballantine Books,Hardcover,323.0,2014.0,,,2014-12-31,,1,Fiction,Standalone,No
13126175,The Little Book of Thunks: 260 Questions to make your brain go ouch! (The Little Books),Ian Gilbert,,,4.0,,Kindle Edition,106.0,2007.0,,,2014-12-31,,1,NonFiction,Standalone,No
18334317,HTML5 for Web Designers,Jeremy Keith,0984442510,9780984442515,4.0,A Book Apart,ebook,87.0,2010.0,,,2013-11-05,,1,NonFiction,Standalone,No
1527775,Folding Architecture,Sophia Vyzoviti,9063690592,9789063690595,0.0,BIS Publishers,Paperback,144.0,2004.0,,,2014-06-13,,1,NonFiction,Standalone,No
578651,The Catcher in the Rye,J.D. Salinger,014023750X,9780140237504,0.0,Penguin Books,Paperback,192.0,1951.0,,,2014-06-13,,1,Fiction,Standalone,No
20527133,"Superintelligence: Paths, Dangers, Strategies",Nick Bostrom,0199678111,9780199678112,5.0,Oxford University Press,Hardcover,352.0,2014.0,2014-09-09,2014-12-21,2014-09-09,,1,NonFiction,Standalone,No
21413662,What If?: Serious Scientific Answers to Absurd Hypothetical Questions,Randall Munroe,0544272994,9780544272996,5.0,Dey Street Books,Hardcover,303.0,2014.0,2014-09-09,2014-12-21,2014-09-09,,1,NonFiction,Standalone,No
564758,Lost at Sea,Bryan Lee O'Malley,1932664165,9781932664164,3.0,Oni Press,Paperback,162.0,2003.0,2014-09-22,2014-09-30,2014-09-22,,1,Fiction,Standalone,No
1819435,Graphic Anatomy - Atelier Bow Wow,Atelier Bow Wow,4887062788,9784887062788,5.0,Toto,Paperback,156.0,2007.0,,,2014-06-13,,1,NonFiction,Standalone,No
1466013,Digital Real--Blobmeister: first built projects (German and English Edition),Ingeborg Flagge,3764365722,9783764365721,0.0,Birkhäuser,Hardcover,256.0,2001.0,,,2014-06-13,,1,NonFiction,Standalone,No
535537,"Architecture's New Media: Principles, Theories, and Methods of Computer-Aided Design",Yehuda E. Kalay,0262112841,9780262112840,0.0,Mit Pr,Hardcover,536.0,2004.0,,,2014-06-13,,1,NonFiction,Standalone,No
2034411,Collective Intelligence in Design (Architectural Design),Christopher Hight,0470026529,9780470026526,3.0,Academy Press,Paperback,136.0,2006.0,,,2014-06-13,,1,NonFiction,Standalone,No
1243077,Emergence: Morphogenetic Design Strategies (Architectural Design),M. Hensel,0470866888,9780470866887,3.0,Academy Press,Paperback,128.0,2004.0,,,2014-06-13,,1,NonFiction,Standalone,No
694246,The Way Things Work,David Macaulay,0863183239,9780863183232,5.0,Dorling Kindersley Children's,Paperback,,1988.0,,,2014-06-13,,1,NonFiction,Standalone,No
340989,NOX: Machining Architecture,Lars Spuybroek,0500285195,9780500285190,3.0,Thames & Hudson,Hardcover,392.0,2004.0,,,2014-06-13,,1,NonFiction,Standalone,No
1496912,Mr. Boston: Official Bartender's & Party Guide,Renee Cooper,0446676888,9780446676885,2.0,Warner Books,Hardcover,272.0,1935.0,,,2014-06-13,,1,NonFiction,Standalone,No
17675456,Everything I Ever Needed to Know about Economics I Learned from Online Dating,Paul Oyer,1422191656,9781422191651,4.0,Harvard Business Review Press,Hardcover,241.0,2013.0,,2014-09-10,2014-01-16,,1,NonFiction,Standalone,No
17315344,Gulliver's Travels,Jonathan Swift,0141195177,9780141195179,5.0,Penguin Books,Paperback,330.0,1726.0,,,2014-06-13,,1,Fiction,Standalone,No
2420301,The Back of the Napkin: Solving Problems and Selling Ideas with Pictures,Dan Roam,1591841992,9781591841999,0.0,Portfolio Hardcover,Hardcover,278.0,2008.0,,,2014-06-13,,1,NonFiction,Standalone,No
1204927,The Meaning of the 21st Century: A VItal Blueprint of Ensuring Our Future,James Martin,190391986X,9781903919866,0.0,Eden Project Books,Paperback,576.0,2006.0,,,2014-06-13,,1,NonFiction,Standalone,No
208580,Our Final Century: The 50/50 Threat to Humanity's Survival,Martin J. Rees,0099436868,9780099436867,0.0,Arrow,Paperback,240.0,2003.0,,,2014-06-13,,1,NonFiction,Standalone,No
13238172,Ethics for a Broken World: Imagining Philosophy after Catastrophe,Tim Mulgan,077353945X,9780773539457,0.0,McGill-Queen's University Press,Paperback,228.0,2011.0,,,2014-06-13,,1,NonFiction,Standalone,No
24583,The Adventures of Tom Sawyer,Mark Twain,,9780143039563,5.0,Penguin Classics,Paperback,244.0,1876.0,,,2013-04-19,,1,Fiction,Standalone,No
13238169,Ethics for a Broken World: Imagining Philosophy after Catastrophe,Tim Mulgan,0773539441,9780773539440,5.0,McGill-Queen's University Press,Hardcover,256.0,2011.0,,,2014-04-24,,1,NonFiction,Standalone,No
2855811,The Annotated Flatland: A Romance of Many Dimensions,Edwin A. Abbott,0465011233,9780465011230,5.0,Basic Books,Paperback,239.0,1884.0,,,2013-04-21,,1,NonFiction,Standalone,No
18323642,CSS3 for Web Designers,Dan Cederholm,0984442537,9780984442539,4.0,A Book Apart,ebook,125.0,2010.0,,,2013-11-05,,1,NonFiction,Standalone,No
3673893,Lewis Carroll in Numberland: His Fantastical Mathematical Logical Life,Robin J. Wilson,0393060276,9780393060270,4.0,W. W. Norton & Company,Hardcover,208.0,2008.0,,,2013-12-25,,1,NonFiction,Standalone,No
9832370,A Storm of Swords: Summary,BookRags,,,5.0,Amazon Digital Services,Kindle Edition,144.0,,,,2013-04-21,,1,NonFiction,Standalone,No
9815906,Responsive Web Design,Ethan Marcotte,098444257X,9780984442577,4.0,A Book Apart,Paperback,150.0,2011.0,,,2013-11-05,,1,NonFiction,Standalone,No
12910749,Mobile First,Luke Wroblewski,1937557022,9781937557027,4.0,A Book Apart,Paperback,130.0,2011.0,,,2013-11-05,,1,NonFiction,Standalone,No
17236175,Just Enough Research,Erika Hall,1937557103,9781937557102,4.0,A Book Apart,Paperback,154.0,2013.0,,,2013-11-05,,1,NonFiction,Standalone,No
186749,Innumeracy: Mathematical Illiteracy and Its Consequences,John Allen Paulos,0809058405,9780809058402,5.0,Hill and Wang,Paperback,180.0,1988.0,,,2013-11-05,,1,NonFiction,Standalone,No
11588,"The Shining (The Shining, #1)",Stephen King,0450040186,9780450040184,5.0,New English Library,Mass Market Paperback,497.0,1977.0,,,2013-11-05,,1,Fiction,Standalone,No
70535,"2001: A Space Odyssey (Space Odyssey, #1)",Arthur C. Clarke,,,5.0,Roc,Paperback,297.0,1968.0,,,2013-11-05,,1,Fiction,Series,No
659469,The Hobbit,Chuck Dixon,0345368584,9780345368584,5.0,Ballantine Books,Paperback,138.0,2001.0,,,2013-11-05,,1,Fiction,Series,No
6393082,"Ender's Game, Volume 1: Battle School (Ender's Saga)",Christopher Yost,0785135804,9780785135807,5.0,Marvel Enterprises,Hardcover,120.0,2009.0,,,2013-11-05,,1,Fiction,Series,No
10127019,The Lean Startup,Eric Ries,0307887898,9780307887894,4.0,Best Business,Hardcover,299.0,2011.0,,,2013-04-19,,1,NonFiction,Standalone,No
16283666,People Analytics: How Social Sensing Technology Will Transform Business and What It Tells Us About the Future of Work,Benjamin Waber,0133158314,9780133158311,5.0,Ft Pr,Hardcover,219.0,2013.0,,,2013-11-05,,1,NonFiction,Standalone,No
13078769,Running Lean: Iterate from Plan A to a Plan That Works (Lean Series),Ash Maurya,1449305172,9781449305178,4.0,O'Reilly Media,Hardcover,235.0,2012.0,,2013-11-05,2013-04-21,,1,NonFiction,Standalone,No
973706,Our Final Century? : Will the Human Race Survive the Twenty-First Century?,Martin J. Rees,0434008095,9780434008094,5.0,Heinemann,Hardcover,,2003.0,,,2013-04-21,,1,NonFiction,Standalone,No
48858,Travels with My Aunt,Graham Greene,0143039008,9780143039006,5.0,Penguin Classics,Paperback,254.0,1969.0,,,2013-05-27,,1,NonFiction,Standalone,No
13517758,The Testimony,James Smythe,0007427905,9780007427901,4.0,blue door,Paperback,362.0,2012.0,,,2013-05-27,,1,Fiction,Standalone,No
1043987,Metropolis,Thea von Harbou,1592249787,9781592249787,4.0,Wildside Press,Paperback,236.0,1925.0,,,2013-04-26,,1,Fiction,Standalone,No
13707560,Naked Statistics: Stripping the Dread from the Data,Charles Wheelan,0393071952,9780393071955,4.0,W. W. Norton & Company,Hardcover,260.0,2012.0,,,2013-04-25,,1,NonFiction,Standalone,No
61539,The Structure of Scientific Revolutions,Thomas S. Kuhn,0226458083,9780226458083,4.0,University of Chicago Press,Paperback,226.0,1962.0,,,2013-04-21,,1,NonFiction,Standalone,No
558194,Naive Set Theory (Undergraduate Texts in Mathematics),Paul R. Halmos,0387900926,9780387900926,5.0,Springer,Hardcover,111.0,1960.0,,,2013-04-21,,1,NonFiction,Standalone,No
22321,"All Tomorrow's Parties (Bridge, #3)",William Gibson,0425190447,9780425190449,5.0,Berkley Publishing Group,Mass Market Paperback,341.0,1999.0,,,2013-04-21,,1,Fiction,Series,No
22322,"Spook Country (Blue Ant, #2)",William Gibson,0399154302,9780399154300,5.0,Putnam Adult,Hardcover,371.0,2007.0,,,2013-04-21,,1,Fiction,Series,No
22325,"Idoru (Bridge, #2)",William Gibson,0425190455,9780425190456,5.0,Berkley Trade,Paperback,308.0,1996.0,,,2013-04-21,,1,Fiction,Series,No
154091,"Mona Lisa Overdrive (Sprawl, #3)",William Gibson,0553281747,9780553281743,5.0,Bantam Doubleday Dell Publishing Group,Mass Market Paperback,308.0,1988.0,,,2013-04-21,,1,Fiction,Series,No
22200,"Count Zero (Sprawl, #2)",William Gibson,,,5.0,Ace Books,Paperback,308.0,1986.0,,,2013-04-21,,1,Fiction,Series,No
185796,Kingdom Come,J.G. Ballard,0007232462,9780007232468,4.0,Fourth Estate,Hardcover,304.0,2006.0,,,2013-04-21,,1,Fiction,Standalone,No
262356,The Drowned World,J.G. Ballard,1857988833,9781857988833,5.0,Victor Gollancz,Paperback,176.0,1962.0,,,2013-04-21,,1,Fiction,Standalone,No
56674,Empire of the Sun,J.G. Ballard,0743265238,9780743265232,5.0,PANTHER Granada Publishing,Paperback,351.0,1984.0,,,2013-04-21,,1,Fiction,Standalone,No
123471,I Am a Strange Loop,Douglas R. Hofstadter,0465030785,9780465030781,4.0,Basic Books,Hardcover,436.0,2007.0,,,2013-04-21,,1,Fiction,Standalone,No
1051446,Irrationality,Stuart Sutherland,1905177070,9781905177073,5.0,Pinter & Martin Ltd,Paperback,256.0,1992.0,,,2013-04-21,,1,NonFiction,Standalone,No
7733,Gulliver’s Travels,Jonathan Swift,0141439491,9780141439495,5.0,Penguin,Paperback,306.0,1726.0,,,2013-04-21,,1,Fiction,Standalone,No
12772563,"The End of Money: Counterfeiters, Preachers, Techies, Dreamers--and the Coming Cashless Society",David Wolman,0306818833,9780306818837,4.0,Da Capo Press,Hardcover,240.0,2012.0,,,2013-04-21,,1,NonFiction,Standalone,No
904538,The Book of Tea,Kakuzō Okakura,0804800693,9780804800693,4.0,Tuttle,Hardcover,133.0,1906.0,,,2013-04-21,,1,NonFiction,Standalone,No
436562,R.U.R.,Karel Čapek,,,3.0,"Dover Publications, Inc.",Paperback,58.0,1920.0,,,2013-04-21,,1,Fiction,Standalone,No
76171,We,Yevgeny Zamyatin,0140185852,9780140185850,4.0,Penguin Books,Paperback,256.0,1924.0,,,2013-04-21,,1,Fiction,Standalone,No
5130,Island,Aldous Huxley,0060085495,9780060085490,5.0,Harper Perennial Classics,Paperback,354.0,1962.0,,,2013-04-21,,1,Fiction,Standalone,No
9648,Keep the Aspidistra Flying,George Orwell,,,3.0,Penguin Books Ltd,Paperback,297.0,1936.0,,,2013-04-21,,1,Fiction,Standalone,No
109156,Molecular Gastronomy: Exploring the Science of Flavor (Arts and Traditions of the Table: Perspectives on Culinary History),Hervé This,023113312X,9780231133128,3.0,Columbia University Press,Hardcover,392.0,2003.0,,,2013-04-21,,1,NonFiction,Standalone,No
784148,Economics: A Very Short Introduction,Partha Dasgupta,0192853457,9780192853455,4.0,Oxford University Press,Paperback,172.0,2007.0,,,2013-04-21,,1,NonFiction,Standalone,No
176905,Choice Theory: A Very Short Introduction,Michael Allingham,0192803034,9780192803030,3.0,Oxford University Press,Paperback,144.0,2002.0,,,2013-04-21,,1,NonFiction,Standalone,No
703712,Logic: A Very Short Introduction,Graham Priest,0192893203,9780192893208,4.0,Oxford University Press,Paperback,128.0,2000.0,,,2013-04-21,,1,NonFiction,Standalone,No
74645,Mathematics: A Very Short Introduction,Timothy Gowers,0192853619,9780192853615,5.0,Oxford University Press,Paperback,143.0,2002.0,,,2013-04-21,,1,NonFiction,Standalone,No
7745031,"Zero History (Blue Ant, #3)",William Gibson,0399156828,9780399156823,5.0,G.P. Putnam's Sons,Hardcover,404.0,2010.0,,,2013-04-21,,1,Fiction,Series,No
1202,Freakonomics: A Rogue Economist Explores the Hidden Side of Everything,Steven D. Levitt,0061234001,9780061234002,4.0,William Morrow,Hardcover,268.0,2005.0,,,2013-04-21,,1,NonFiction,Standalone,No
6098718,Wired for War: The Robotics Revolution and Conflict in the 21st Century,P.W. Singer,1594201986,9781594201981,4.0,Penguin Press,Hardcover,499.0,2009.0,,,2013-04-21,,1,NonFiction,Standalone,No
62111,The Swiss Family Robinson,Johann David Wyss,1402726023,9781402726026,5.0,Sterling,Hardcover,345.0,1812.0,,,2013-04-19,,1,Fiction,Standalone,No
7082,Do Androids Dream of Electric Sheep?,Philip K. Dick,,,4.0,Del Rey / Ballantine Books,Paperback,244.0,1968.0,,,2013-04-19,,1,Fiction,Standalone,No
34053,Just So Stories,Rudyard Kipling,0517266555,9780517266557,5.0,Gramercy Books,Hardcover,210.0,1902.0,,,2013-04-19,,1,Fiction,Standalone,No
5659,The Wind in the Willows,Kenneth Grahame,0143039091,9780143039099,5.0,Penguin Books,Paperback,197.0,1908.0,,,2013-04-19,,1,Fiction,Standalone,No
19321,"The Tale of Peter Rabbit (World of Beatrix Potter, #1)",Beatrix Potter,0723247706,9780723247708,5.0,Warne,Paperback,72.0,1901.0,,,2013-04-19,,1,Fiction,Standalone,No
99107,"Winnie-the-Pooh (Winnie-the-Pooh, #1)",A.A. Milne,0525467564,9780525467564,5.0,Dutton Juvenile,Hardcover,161.0,1926.0,,,2013-04-19,,1,Fiction,Standalone,No
22323,"Burning Chrome (Sprawl, #0)",William Gibson,0060539828,9780060539825,5.0,Eos,Paperback,204.0,1986.0,,,2013-04-19,,1,Fiction,Series,No
22326,"Virtual Light (Bridge, #1)",William Gibson,0140157727,9780140157727,5.0,Penguin Books Ltd,Paperback,304.0,1993.0,,,2013-04-19,,1,Fiction,Series,No
22320,"Pattern Recognition (Blue Ant, #1)",William Gibson,0425198685,9780425198681,5.0,Berkley Books,Mass Market Paperback,367.0,2003.0,,,2013-04-19,,1,Fiction,Series,No
547094,I Am Legend and Other Stories,Richard Matheson,031286504X,9780312865047,5.0,Orb Books,Paperback,317.0,1954.0,,,2013-04-19,,1,Fiction,Standalone,No
6288,The Road,Cormac McCarthy,0307265439,9780307265432,5.0,Alfred A. Knopf,Hardcover,241.0,2006.0,,,2013-04-19,,1,Fiction,Standalone,No
9969571,"Ready Player One (Ready Player One, #1)",Ernest Cline,030788743X,9780307887436,4.0,Crown Publishers,Hardcover,480.0,2011.0,,,2013-04-19,,1,Fiction,Series,No
5129,Brave New World,Aldous Huxley,0060929871,9780060929879,5.0,HarperPerennial / Perennial Classics,Paperback,288.0,1932.0,,,2013-04-19,,1,Fiction,Standalone,No
6310,"Charlie and the Chocolate Factory (Charlie Bucket, #1)",Roald Dahl,0142403881,9780142403884,5.0,Puffin Books,Paperback,176.0,1964.0,,,2013-04-19,,1,Fiction,Series,No
100915,"The Lion, the Witch and the Wardrobe (Chronicles of Narnia, #1)",C.S. Lewis,,,4.0,HarperCollins Publishers,Paperback,206.0,1950.0,,,2013-04-19,,1,Fiction,Series,No
7604,Lolita,Vladimir Nabokov,,,5.0,Penguin,Paperback,368.0,1955.0,,,2013-04-19,,1,Fiction,Standalone,No
168668,Catch-22,Joseph Heller,0684833395,9780684833392,4.0,Simon & Schuster ,Paperback,453.0,1961.0,,,2013-04-19,,1,Fiction,Standalone,No
24213,Alice’s Adventures in Wonderland / Through the Looking-Glass,Lewis Carroll,,,5.0,Penguin Group (USA),Paperback,239.0,1871.0,,,2013-04-19,,1,Fiction,Standalone,No
5470,1984,George Orwell,,,5.0,New American Library,Mass Market Paperback,328.0,1948.0,,,2013-04-19,,1,Fiction,Standalone,No
7624,Lord of the Flies,William Golding,0140283331,9780140283334,4.0,Penguin Books ,Paperback,182.0,1954.0,,,2013-04-19,,1,Fiction,Standalone,No
5107,The Catcher in the Rye,J.D. Salinger,0316769177,9780316769174,3.0,Back Bay Books,Paperback,277.0,1951.0,,,2013-04-19,,1,Fiction,Standalone,No
6402364,"SuperFreakonomics: Global Cooling, Patriotic Prostitutes And Why Suicide Bombers Should Buy Life Insurance",Steven D. Levitt,0060889578,9780060889579,5.0,William Morrow,Hardcover,270.0,2009.0,,,2013-04-19,,1,NonFiction,Standalone,No
258476,Designing Interactions,Bill Moggridge,0262134748,9780262134743,5.0,The MIT Press,Hardcover,766.0,2006.0,,,2013-04-19,,1,NonFiction,Standalone,No
11468377,"Thinking, Fast and Slow",Daniel Kahneman,0374275637,9780374275631,5.0,"Farrar, Straus and Giroux",Hardcover,499.0,2011.0,,,2013-04-19,,1,NonFiction,Standalone,No
10016013,Harry Potter and the Methods of Rationality,Eliezer Yudkowsky,,,5.0,hpmor.com & fanfiction.net,ebook,2184.0,2015.0,,,2013-04-19,,1,Fiction,Series,No
6493321,Logicomix: An Epic Search for Truth,Apostolos Doxiadis,1596914521,9781596914520,5.0,Bloomsbury (NYC),Paperback,347.0,2009.0,,,2013-04-19,,1,NonFiction,Standalone,No
66728,"The Cartoon History of the Universe III: From the Rise of Arabia to the Renaissance (The Cartoon History of the Universe, #3)",Larry Gonick,0393324036,9780393324037,5.0,W. W. Norton & Company,Paperback,320.0,2002.0,,,2013-04-19,,1,NonFiction,Standalone,No
66731,"The Cartoon History of the Universe II, Vol. 8-13: From the Springtime of China to the Fall of Rome (The Cartoon History of the Universe, #2)",Larry Gonick,0385420935,9780385420938,5.0,Main Street Books/Doubleday,Paperback,305.0,1994.0,,,2013-04-19,,1,NonFiction,Standalone,No
64581,"The Cartoon History of the Universe I, Vol. 1-7: From the Big Bang to Alexander the Great (The Cartoon History of the Universe, #1)",Larry Gonick,0385265204,9780385265201,5.0,Crown,Paperback,368.0,1990.0,,,2013-04-19,,1,NonFiction,Standalone,No
2543099,The Craft of Research,Wayne C. Booth,0226065669,9780226065663,5.0,University of Chicago Press,Paperback,317.0,1995.0,,,2013-04-19,,1,NonFiction,Standalone,No
10664113,"A Dance with Dragons (A Song of Ice and Fire, #5)",George R.R. Martin,,,5.0,Random House Worlds,Kindle Edition,1125.0,2011.0,,,2013-04-19,,1,Fiction,Series,Yes
13497,"A Feast for Crows (A Song of Ice and Fire, #4)",George R.R. Martin,,,5.0,Bantam Books,Mass Market Paperback,1060.0,2005.0,,,2013-04-19,,1,Fiction,Series,Yes
13496,"A Game of Thrones (A Song of Ice and Fire, #1)",George R.R. Martin,0553588486,9780553588484,5.0,Bantam,Mass Market Paperback,835.0,1996.0,,,2013-04-19,,1,Fiction,Series,Yes
147915,"A Storm of Swords 2: Blood and Gold (A Song of Ice and Fire, #3, Part 2 of 2)",George R.R. Martin,0007119550,9780007119554,5.0,HarperVoyager ,Paperback,639.0,2000.0,,,2013-04-19,,1,Fiction,Series,Yes
10572,"A Clash of Kings  (A Song of Ice and Fire, #2)",George R.R. Martin,,,5.0,Random House Worlds,Paperback,1009.0,1998.0,,,2013-04-19,,1,Fiction,Series,Yes
629238,The Economic Naturalist: In Search of Explanations for Everyday Enigmas,Robert H. Frank,046500217X,9780465002177,4.0,Basic Books,Hardcover,240.0,2006.0,,,2013-04-19,,1,NonFiction,Standalone,No
375802,"Ender’s Game (Ender's Saga, #1)",Orson Scott Card,0812550706,9780812550702,5.0,Tor,Mass Market Paperback,324.0,1985.0,,,2013-04-19,,1,Fiction,Series,No
156785,Diaspora,Greg Egan,3453161815,9783453161818,3.0,Heyne,Paperback,443.0,1997.0,,,2013-04-19,,1,Fiction,Standalone,No
32585,Hunger,Knut Hamsun,0486431681,9780486431680,3.0,Dover Publications,Paperback,134.0,1890.0,,,2013-04-19,,1,Fiction,Standalone,No
7260188,"Mockingjay (The Hunger Games, #3)",Suzanne Collins,0439023513,9780439023511,4.0,Scholastic Press,Hardcover,390.0,2010.0,,,2013-04-19,,1,Fiction,Series,No
2767052,"The Hunger Games (The Hunger Games, #1)",Suzanne Collins,0439023483,9780439023481,4.0,Scholastic Press,Hardcover,374.0,2008.0,,,2013-04-19,,1,Fiction,Series,No
10483171,The Beginning of Infinity: Explanations That Transform the World,David Deutsch,0670022756,9780670022755,5.0,Viking,Hardcover,487.0,2011.0,,,2013-04-19,,1,NonFiction,Standalone,No
6148028,"Catching Fire (The Hunger Games, #2)",Suzanne Collins,0439023491,9780439023498,4.0,Scholastic Press,Hardcover,391.0,2009.0,,,2013-04-19,,1,Fiction,Series,No
15801041,Dark Matter and Trojan Horses: A Strategic Design Vocabulary,Dan Hill,,,5.0,Strelka Press,ebook,86.0,2012.0,,,2013-04-19,,1,NonFiction,Standalone,No
12538134,"The Conundrum: How Scientific Innovation, Increased Efficiency, and Good Intentions Can Make Our Energy and Climate Problems Worse",David Owen,1594485615,9781594485619,4.0,Penguin Publishing Group,Paperback,272.0,2012.0,,,2013-04-19,,1,NonFiction,Standalone,No
16103827,The Dot-Com City: Silicon Valley Urbanism,Alexandra Lange,,,5.0,Strelka Press,Unknown Binding,29.0,2012.0,,,2013-04-19,,1,NonFiction,Standalone,No
2527900,"Nudge: Improving Decisions About Health, Wealth, and Happiness",Richard H. Thaler,0300122233,9780300122237,5.0,Yale University Press,Hardcover,293.0,2008.0,,,2013-04-19,,1,NonFiction,Standalone,No
